<?xml version="1.0" encoding="UTF-8"?>
<ArdisOptimizerProject>
 <PartCollection>
  <PartFile>
   <PartList>
    <Part Key="1">
     <PartMat>18 BRANCO</PartMat>
     <PartD>1</PartD>
     <PartQty>1</PartQty>
     <PartRef>TAMPO</PartRef>
     <PartCNCOriginMain>LeftWork</PartCNCOriginMain>
     <PartCNCOriginSecond>LeftWork</PartCNCOriginSecond>
     <PartL>1200.00000</PartL>
     <PartW>600.00000</PartW>
     <PartLMin>1200.00000</PartLMin>
     <PartWMin>600.00000</PartWMin>
     <PartRemark3>FURACAO / CORTE / CAIXA / CNC</PartRemark3>
     <PartExt01>    TAMPO</PartExt01>
     <PartExt02>TAMPO_391_A</PartExt02>
     <PartExt03>18.0 BRANCO</PartExt03>
     <PartExt08>TopXMLToScx</PartExt08>
     <PartExt09>1200</PartExt09>
     <PartExt10>600</PartExt10>
     <PartExt11>1200</PartExt11>
     <PartExt12>600</PartExt12>
     <PartExt13>18.00</PartExt13>
     <PartExt15>TAMPO_391_B</PartExt15>
     <PartDraw>
      <Draw>
       <FUNCTNAME>LINE</FUNCTNAME>
       <SIDE>0</SIDE>
       <X>733.54839</X>
       <Y>0.00000</Y>
       <LENGTH>702.50000</LENGTH>
       <WIDTH>137.50000</WIDTH>
       <LW>1</LW>
       <ID>&quot;1&quot;</ID>
       <SEQ>1</SEQ>
       <OPTYPE>1</OPTYPE>
       <OPSIDE>0</OPSIDE>
       <TOOL>&quot;MILL&quot;</TOOL>
       <Z2>18.00000</Z2>
       <MACHPARAM>F=&quot;CALIB&quot;;T=&quot;101&quot;</MACHPARAM>
       <OPDIM>1</OPDIM>
      </Draw>
      <Draw>
       <FUNCTNAME>LINE</FUNCTNAME>
       <SIDE>0</SIDE>
       <X>702.50000</X>
       <Y>137.50000</Y>
       <LENGTH>632.77778</LENGTH>
       <WIDTH>137.50000</WIDTH>
       <LW>1</LW>
       <ID>&quot;1&quot;</ID>
       <SEQ>2</SEQ>
       <OPTYPE>1</OPTYPE>
       <OPSIDE>0</OPSIDE>
       <TOOL>&quot;MILL&quot;</TOOL>
       <Z2>18.00000</Z2>
       <MACHPARAM>F=&quot;CALIB&quot;;T=&quot;101&quot;</MACHPARAM>
       <OPDIM>1</OPDIM>
      </Draw>
      <Draw>
       <FUNCTNAME>LINE</FUNCTNAME>
       <SIDE>0</SIDE>
       <X>632.77778</X>
       <Y>137.50000</Y>
       <LENGTH>607.50000</LENGTH>
       <WIDTH>190.00000</WIDTH>
       <LW>1</LW>
       <ID>&quot;1&quot;</ID>
       <SEQ>3</SEQ>
       <OPTYPE>1</OPTYPE>
       <OPSIDE>0</OPSIDE>
       <TOOL>&quot;MILL&quot;</TOOL>
       <Z2>18.00000</Z2>
       <MACHPARAM>F=&quot;CALIB&quot;;T=&quot;101&quot;</MACHPARAM>
       <OPDIM>1</OPDIM>
      </Draw>
      <Draw>
       <FUNCTNAME>LINE</FUNCTNAME>
       <SIDE>0</SIDE>
       <X>607.50000</X>
       <Y>190.00000</Y>
       <LENGTH>552.50000</LENGTH>
       <WIDTH>190.00000</WIDTH>
       <LW>1</LW>
       <ID>&quot;1&quot;</ID>
       <SEQ>4</SEQ>
       <OPTYPE>1</OPTYPE>
       <OPSIDE>0</OPSIDE>
       <TOOL>&quot;MILL&quot;</TOOL>
       <Z2>18.00000</Z2>
       <MACHPARAM>F=&quot;CALIB&quot;;T=&quot;101&quot;</MACHPARAM>
       <OPDIM>1</OPDIM>
      </Draw>
      <Draw>
       <FUNCTNAME>LINE</FUNCTNAME>
       <SIDE>0</SIDE>
       <X>552.50000</X>
       <Y>190.00000</Y>
       <LENGTH>552.50000</LENGTH>
       <WIDTH>162.50000</WIDTH>
       <LW>1</LW>
       <ID>&quot;1&quot;</ID>
       <SEQ>5</SEQ>
       <OPTYPE>1</OPTYPE>
       <OPSIDE>0</OPSIDE>
       <TOOL>&quot;MILL&quot;</TOOL>
       <Z2>18.00000</Z2>
       <MACHPARAM>F=&quot;CALIB&quot;;T=&quot;101&quot;</MACHPARAM>
       <OPDIM>1</OPDIM>
      </Draw>
      <Draw>
       <FUNCTNAME>LINE</FUNCTNAME>
       <SIDE>0</SIDE>
       <X>552.50000</X>
       <Y>162.50000</Y>
       <LENGTH>510.00000</LENGTH>
       <WIDTH>162.50000</WIDTH>
       <LW>1</LW>
       <ID>&quot;1&quot;</ID>
       <SEQ>6</SEQ>
       <OPTYPE>1</OPTYPE>
       <OPSIDE>0</OPSIDE>
       <TOOL>&quot;MILL&quot;</TOOL>
       <Z2>18.00000</Z2>
       <MACHPARAM>F=&quot;CALIB&quot;;T=&quot;101&quot;</MACHPARAM>
       <OPDIM>1</OPDIM>
      </Draw>
      <Draw>
       <FUNCTNAME>LINE</FUNCTNAME>
       <SIDE>0</SIDE>
       <X>510.00000</X>
       <Y>162.50000</Y>
       <LENGTH>510.00000</LENGTH>
       <WIDTH>137.50000</WIDTH>
       <LW>1</LW>
       <ID>&quot;1&quot;</ID>
       <SEQ>7</SEQ>
       <OPTYPE>1</OPTYPE>
       <OPSIDE>0</OPSIDE>
       <TOOL>&quot;MILL&quot;</TOOL>
       <Z2>18.00000</Z2>
       <MACHPARAM>F=&quot;CALIB&quot;;T=&quot;101&quot;</MACHPARAM>
       <OPDIM>1</OPDIM>
      </Draw>
      <Draw>
       <FUNCTNAME>LINE</FUNCTNAME>
       <SIDE>0</SIDE>
       <X>510.00000</X>
       <Y>137.50000</Y>
       <LENGTH>462.50000</LENGTH>
       <WIDTH>137.50000</WIDTH>
       <LW>1</LW>
       <ID>&quot;1&quot;</ID>
       <SEQ>8</SEQ>
       <OPTYPE>1</OPTYPE>
       <OPSIDE>0</OPSIDE>
       <TOOL>&quot;MILL&quot;</TOOL>
       <Z2>18.00000</Z2>
       <MACHPARAM>F=&quot;CALIB&quot;;T=&quot;101&quot;</MACHPARAM>
       <OPDIM>1</OPDIM>
      </Draw>
      <Draw>
       <FUNCTNAME>LINE</FUNCTNAME>
       <SIDE>0</SIDE>
       <X>462.50000</X>
       <Y>137.50000</Y>
       <LENGTH>462.50000</LENGTH>
       <WIDTH>122.50000</WIDTH>
       <LW>1</LW>
       <ID>&quot;1&quot;</ID>
       <SEQ>9</SEQ>
       <OPTYPE>1</OPTYPE>
       <OPSIDE>0</OPSIDE>
       <TOOL>&quot;MILL&quot;</TOOL>
       <Z2>18.00000</Z2>
       <MACHPARAM>F=&quot;CALIB&quot;;T=&quot;101&quot;</MACHPARAM>
       <OPDIM>1</OPDIM>
      </Draw>
      <Draw>
       <FUNCTNAME>LINE</FUNCTNAME>
       <SIDE>0</SIDE>
       <X>462.50000</X>
       <Y>122.50000</Y>
       <LENGTH>392.50000</LENGTH>
       <WIDTH>122.50000</WIDTH>
       <LW>1</LW>
       <ID>&quot;1&quot;</ID>
       <SEQ>10</SEQ>
       <OPTYPE>1</OPTYPE>
       <OPSIDE>0</OPSIDE>
       <TOOL>&quot;MILL&quot;</TOOL>
       <Z2>18.00000</Z2>
       <MACHPARAM>F=&quot;CALIB&quot;;T=&quot;101&quot;</MACHPARAM>
       <OPDIM>1</OPDIM>
      </Draw>
      <Draw>
       <FUNCTNAME>LINE</FUNCTNAME>
       <SIDE>0</SIDE>
       <X>392.50000</X>
       <Y>122.50000</Y>
       <LENGTH>392.50000</LENGTH>
       <WIDTH>107.50000</WIDTH>
       <LW>1</LW>
       <ID>&quot;1&quot;</ID>
       <SEQ>11</SEQ>
       <OPTYPE>1</OPTYPE>
       <OPSIDE>0</OPSIDE>
       <TOOL>&quot;MILL&quot;</TOOL>
       <Z2>18.00000</Z2>
       <MACHPARAM>F=&quot;CALIB&quot;;T=&quot;101&quot;</MACHPARAM>
       <OPDIM>1</OPDIM>
      </Draw>
      <Draw>
       <FUNCTNAME>LINE</FUNCTNAME>
       <SIDE>0</SIDE>
       <X>392.50000</X>
       <Y>107.50000</Y>
       <LENGTH>462.50000</LENGTH>
       <WIDTH>107.50000</WIDTH>
       <LW>1</LW>
       <ID>&quot;1&quot;</ID>
       <SEQ>12</SEQ>
       <OPTYPE>1</OPTYPE>
       <OPSIDE>0</OPSIDE>
       <TOOL>&quot;MILL&quot;</TOOL>
       <Z2>18.00000</Z2>
       <MACHPARAM>F=&quot;CALIB&quot;;T=&quot;101&quot;</MACHPARAM>
       <OPDIM>1</OPDIM>
      </Draw>
      <Draw>
       <FUNCTNAME>LINE</FUNCTNAME>
       <SIDE>0</SIDE>
       <X>462.50000</X>
       <Y>107.50000</Y>
       <LENGTH>462.50000</LENGTH>
       <WIDTH>0.00000</WIDTH>
       <LW>1</LW>
       <ID>&quot;1&quot;</ID>
       <SEQ>13</SEQ>
       <OPTYPE>1</OPTYPE>
       <OPSIDE>0</OPSIDE>
       <TOOL>&quot;MILL&quot;</TOOL>
       <Z2>18.00000</Z2>
       <MACHPARAM>F=&quot;CALIB&quot;;T=&quot;101&quot;</MACHPARAM>
       <OPDIM>1</OPDIM>
      </Draw>
      <Draw>
       <FUNCTNAME>DRILL</FUNCTNAME>
       <SIDE>0</SIDE>
       <X>1191.00000</X>
       <Y>123.00000</Y>
       <RADIUS>4.00000</RADIUS>
       <Z2>10.00000</Z2>
       <TOOL>&quot;DRILL&quot;</TOOL>
       <MACHPARAM>MACHPROCESS=&quot; &quot;</MACHPARAM>
       <OPDIM>1</OPDIM>
       <OPSIDE>2</OPSIDE>
      </Draw>
      <Draw>
       <FUNCTNAME>DRILL</FUNCTNAME>
       <SIDE>0</SIDE>
       <X>1191.00000</X>
       <Y>315.00000</Y>
       <RADIUS>4.00000</RADIUS>
       <Z2>10.00000</Z2>
       <TOOL>&quot;DRILL&quot;</TOOL>
       <MACHPARAM>MACHPROCESS=&quot; &quot;</MACHPARAM>
       <OPDIM>1</OPDIM>
       <OPSIDE>2</OPSIDE>
      </Draw>
      <Draw>
       <FUNCTNAME>DRILL</FUNCTNAME>
       <SIDE>0</SIDE>
       <X>1191.00000</X>
       <Y>507.00000</Y>
       <RADIUS>4.00000</RADIUS>
       <Z2>10.00000</Z2>
       <TOOL>&quot;DRILL&quot;</TOOL>
       <MACHPARAM>MACHPROCESS=&quot; &quot;</MACHPARAM>
       <OPDIM>1</OPDIM>
       <OPSIDE>2</OPSIDE>
      </Draw>
      <Draw>
       <FUNCTNAME>DRILL</FUNCTNAME>
       <SIDE>0</SIDE>
       <X>1191.00000</X>
       <Y>75.00000</Y>
       <RADIUS>5.00000</RADIUS>
       <Z2>10.00000</Z2>
       <TOOL>&quot;DRILL&quot;</TOOL>
       <MACHPARAM>MACHPROCESS=&quot; &quot;</MACHPARAM>
       <OPDIM>1</OPDIM>
       <OPSIDE>2</OPSIDE>
      </Draw>
      <Draw>
       <FUNCTNAME>DRILL</FUNCTNAME>
       <SIDE>0</SIDE>
       <X>1191.00000</X>
       <Y>555.00000</Y>
       <RADIUS>5.00000</RADIUS>
       <Z2>10.00000</Z2>
       <TOOL>&quot;DRILL&quot;</TOOL>
       <MACHPARAM>MACHPROCESS=&quot; &quot;</MACHPARAM>
       <OPDIM>1</OPDIM>
       <OPSIDE>2</OPSIDE>
      </Draw>
      <Draw>
       <FUNCTNAME>DRILL</FUNCTNAME>
       <SIDE>0</SIDE>
       <X>9.00000</X>
       <Y>123.00000</Y>
       <RADIUS>4.00000</RADIUS>
       <Z2>10.00000</Z2>
       <TOOL>&quot;DRILL&quot;</TOOL>
       <MACHPARAM>MACHPROCESS=&quot; &quot;</MACHPARAM>
       <OPDIM>1</OPDIM>
       <OPSIDE>2</OPSIDE>
      </Draw>
      <Draw>
       <FUNCTNAME>DRILL</FUNCTNAME>
       <SIDE>0</SIDE>
       <X>9.00000</X>
       <Y>315.00000</Y>
       <RADIUS>4.00000</RADIUS>
       <Z2>10.00000</Z2>
       <TOOL>&quot;DRILL&quot;</TOOL>
       <MACHPARAM>MACHPROCESS=&quot; &quot;</MACHPARAM>
       <OPDIM>1</OPDIM>
       <OPSIDE>2</OPSIDE>
      </Draw>
      <Draw>
       <FUNCTNAME>DRILL</FUNCTNAME>
       <SIDE>0</SIDE>
       <X>9.00000</X>
       <Y>507.00000</Y>
       <RADIUS>4.00000</RADIUS>
       <Z2>10.00000</Z2>
       <TOOL>&quot;DRILL&quot;</TOOL>
       <MACHPARAM>MACHPROCESS=&quot; &quot;</MACHPARAM>
       <OPDIM>1</OPDIM>
       <OPSIDE>2</OPSIDE>
      </Draw>
      <Draw>
       <FUNCTNAME>DRILL</FUNCTNAME>
       <SIDE>0</SIDE>
       <X>9.00000</X>
       <Y>75.00000</Y>
       <RADIUS>5.00000</RADIUS>
       <Z2>10.00000</Z2>
       <TOOL>&quot;DRILL&quot;</TOOL>
       <MACHPARAM>MACHPROCESS=&quot; &quot;</MACHPARAM>
       <OPDIM>1</OPDIM>
       <OPSIDE>2</OPSIDE>
      </Draw>
      <Draw>
       <FUNCTNAME>DRILL</FUNCTNAME>
       <SIDE>0</SIDE>
       <X>9.00000</X>
       <Y>555.00000</Y>
       <RADIUS>5.00000</RADIUS>
       <Z2>10.00000</Z2>
       <TOOL>&quot;DRILL&quot;</TOOL>
       <MACHPARAM>MACHPROCESS=&quot; &quot;</MACHPARAM>
       <OPDIM>1</OPDIM>
       <OPSIDE>2</OPSIDE>
      </Draw>
      <Draw>
       <FUNCTNAME>DRILL</FUNCTNAME>
       <SIDE>0</SIDE>
       <X>1050.00000</X>
       <Y>150.00000</Y>
       <RADIUS>7.50000</RADIUS>
       <Z2>18.00000</Z2>
       <TOOL>&quot;DRILL&quot;</TOOL>
       <MACHPARAM>MACHPROCESS=&quot; &quot;</MACHPARAM>
       <OPDIM>1</OPDIM>
       <OPSIDE>2</OPSIDE>
      </Draw>
      <Draw>
       <FUNCTNAME>DRILL</FUNCTNAME>
       <SIDE>0</SIDE>
       <X>1050.00000</X>
       <Y>50.00000</Y>
       <RADIUS>13.00000</RADIUS>
       <Z2>1.00000</Z2>
       <TOOL>&quot;DRILL&quot;</TOOL>
       <MACHPARAM>MACHPROCESS=&quot; &quot;</MACHPARAM>
       <OPDIM>1</OPDIM>
       <OPSIDE>2</OPSIDE>
      </Draw>
      <Draw>
       <FUNCTNAME>DRILL</FUNCTNAME>
       <SIDE>0</SIDE>
       <X>986.00000</X>
       <Y>50.00000</Y>
       <RADIUS>13.00000</RADIUS>
       <Z2>1.00000</Z2>
       <TOOL>&quot;DRILL&quot;</TOOL>
       <MACHPARAM>MACHPROCESS=&quot; &quot;</MACHPARAM>
       <OPDIM>1</OPDIM>
       <OPSIDE>2</OPSIDE>
      </Draw>
      <Draw>
       <FUNCTNAME>DRILL</FUNCTNAME>
       <SIDE>0</SIDE>
       <X>922.00000</X>
       <Y>50.00000</Y>
       <RADIUS>13.00000</RADIUS>
       <Z2>1.00000</Z2>
       <TOOL>&quot;DRILL&quot;</TOOL>
       <MACHPARAM>MACHPROCESS=&quot; &quot;</MACHPARAM>
       <OPDIM>1</OPDIM>
       <OPSIDE>2</OPSIDE>
      </Draw>
      <Draw>
       <FUNCTNAME>DRILL</FUNCTNAME>
       <SIDE>0</SIDE>
       <X>858.00000</X>
       <Y>50.00000</Y>
       <RADIUS>13.00000</RADIUS>
       <Z2>1.00000</Z2>
       <TOOL>&quot;DRILL&quot;</TOOL>
       <MACHPARAM>MACHPROCESS=&quot; &quot;</MACHPARAM>
       <OPDIM>1</OPDIM>
       <OPSIDE>2</OPSIDE>
      </Draw>
      <Draw>
       <FUNCTNAME>DRILL</FUNCTNAME>
       <SIDE>0</SIDE>
       <X>794.00000</X>
       <Y>50.00000</Y>
       <RADIUS>13.00000</RADIUS>
       <Z2>1.00000</Z2>
       <TOOL>&quot;DRILL&quot;</TOOL>
       <MACHPARAM>MACHPROCESS=&quot; &quot;</MACHPARAM>
       <OPDIM>1</OPDIM>
       <OPSIDE>2</OPSIDE>
      </Draw>
      <Draw>
       <FUNCTNAME>DRILL</FUNCTNAME>
       <SIDE>5</SIDE>
       <X>406.00000</X>
       <Y>50.00000</Y>
       <RADIUS>17.50000</RADIUS>
       <Z2>5.00000</Z2>
       <TOOL>&quot;DRILL&quot;</TOOL>
       <MACHPARAM>MACHPROCESS=&quot; &quot;</MACHPARAM>
       <OPDIM>1</OPDIM>
      </Draw>
      <Draw>
       <FUNCTNAME>DRILL</FUNCTNAME>
       <SIDE>5</SIDE>
       <X>342.00000</X>
       <Y>50.00000</Y>
       <RADIUS>17.50000</RADIUS>
       <Z2>5.00000</Z2>
       <TOOL>&quot;DRILL&quot;</TOOL>
       <MACHPARAM>MACHPROCESS=&quot; &quot;</MACHPARAM>
       <OPDIM>1</OPDIM>
      </Draw>
      <Draw>
       <FUNCTNAME>DRILL</FUNCTNAME>
       <SIDE>5</SIDE>
       <X>278.00000</X>
       <Y>50.00000</Y>
       <RADIUS>17.50000</RADIUS>
       <Z2>5.00000</Z2>
       <TOOL>&quot;DRILL&quot;</TOOL>
       <MACHPARAM>MACHPROCESS=&quot; &quot;</MACHPARAM>
       <OPDIM>1</OPDIM>
      </Draw>
      <Draw>
       <FUNCTNAME>DRILL</FUNCTNAME>
       <SIDE>5</SIDE>
       <X>214.00000</X>
       <Y>50.00000</Y>
       <RADIUS>17.50000</RADIUS>
       <Z2>5.00000</Z2>
       <TOOL>&quot;DRILL&quot;</TOOL>
       <MACHPARAM>MACHPROCESS=&quot; &quot;</MACHPARAM>
       <OPDIM>1</OPDIM>
      </Draw>
      <Draw>
       <FUNCTNAME>DRILL</FUNCTNAME>
       <SIDE>5</SIDE>
       <X>150.00000</X>
       <Y>50.00000</Y>
       <RADIUS>17.50000</RADIUS>
       <Z2>5.00000</Z2>
       <TOOL>&quot;DRILL&quot;</TOOL>
       <MACHPARAM>MACHPROCESS=&quot; &quot;</MACHPARAM>
       <OPDIM>1</OPDIM>
      </Draw>
      <Draw>
       <FUNCTNAME>LINE</FUNCTNAME>
       <SIDE>5</SIDE>
       <X>880.00000</X>
       <Y>182.50000</Y>
       <LENGTH>755.00000</LENGTH>
       <WIDTH>400.00000</WIDTH>
       <LW>1</LW>
       <OPTYPE>1</OPTYPE>
       <ID>&quot;2&quot;</ID>
       <SEQ>1</SEQ>
       <OPSIDE>2</OPSIDE>
       <TOOL>&quot;MILL&quot;</TOOL>
       <Z2>1.20000</Z2>
       <THICK>33.00000</THICK>
       <MACHPARAM>T=&quot;107&quot;</MACHPARAM>
       <OPDIM>1</OPDIM>
      </Draw>
      <Draw>
       <FUNCTNAME>LINE</FUNCTNAME>
       <SIDE>0</SIDE>
       <X>320.00000</X>
       <Y>182.50000</Y>
       <LENGTH>445.00000</LENGTH>
       <WIDTH>400.00000</WIDTH>
       <LW>1</LW>
       <OPTYPE>1</OPTYPE>
       <ID>&quot;3&quot;</ID>
       <SEQ>1</SEQ>
       <OPSIDE>2</OPSIDE>
       <TOOL>&quot;MILL&quot;</TOOL>
       <Z2>1.20000</Z2>
       <THICK>33.00000</THICK>
       <MACHPARAM>T=&quot;107&quot;</MACHPARAM>
       <OPDIM>1</OPDIM>
      </Draw>
      <Draw>
       <FUNCTNAME>LINE</FUNCTNAME>
       <SIDE>5</SIDE>
       <X>157.50000</X>
       <Y>242.50000</Y>
       <LENGTH>157.50000</LENGTH>
       <WIDTH>475.00000</WIDTH>
       <LW>1</LW>
       <OPTYPE>1</OPTYPE>
       <ID>&quot;4&quot;</ID>
       <SEQ>1</SEQ>
       <OPSIDE>2</OPSIDE>
       <TOOL>&quot;MILL&quot;</TOOL>
       <Z2>2.50000</Z2>
       <THICK>18.00000</THICK>
       <MACHPARAM>T=&quot;107&quot;</MACHPARAM>
       <OPDIM>1</OPDIM>
      </Draw>
      <Draw>
       <FUNCTNAME>LINE</FUNCTNAME>
       <SIDE>0</SIDE>
       <X>1042.50000</X>
       <Y>242.50000</Y>
       <LENGTH>1042.50000</LENGTH>
       <WIDTH>475.00000</WIDTH>
       <LW>1</LW>
       <OPTYPE>1</OPTYPE>
       <ID>&quot;5&quot;</ID>
       <SEQ>1</SEQ>
       <OPSIDE>2</OPSIDE>
       <TOOL>&quot;MILL&quot;</TOOL>
       <Z2>2.50000</Z2>
       <THICK>18.00000</THICK>
       <MACHPARAM>T=&quot;107&quot;</MACHPARAM>
       <OPDIM>1</OPDIM>
      </Draw>
      <Draw>
       <FUNCTNAME>LINE</FUNCTNAME>
       <SIDE>0</SIDE>
       <X>932.50000</X>
       <Y>522.50000</Y>
       <LENGTH>497.50000</LENGTH>
       <WIDTH>522.50000</WIDTH>
       <LW>1</LW>
       <OPTYPE>1</OPTYPE>
       <ID>&quot;6&quot;</ID>
       <SEQ>1</SEQ>
       <OPSIDE>2</OPSIDE>
       <TOOL>&quot;MILL&quot;</TOOL>
       <Z2>1.50000</Z2>
       <THICK>30.00000</THICK>
       <MACHPARAM>T=&quot;107&quot;</MACHPARAM>
       <OPDIM>1</OPDIM>
      </Draw>
      <Draw>
       <FUNCTNAME>LINE</FUNCTNAME>
       <SIDE>5</SIDE>
       <X>267.50000</X>
       <Y>522.50000</Y>
       <LENGTH>702.50000</LENGTH>
       <WIDTH>522.50000</WIDTH>
       <LW>1</LW>
       <OPTYPE>1</OPTYPE>
       <ID>&quot;7&quot;</ID>
       <SEQ>1</SEQ>
       <OPSIDE>2</OPSIDE>
       <TOOL>&quot;MILL&quot;</TOOL>
       <Z2>1.50000</Z2>
       <THICK>30.00000</THICK>
       <MACHPARAM>T=&quot;107&quot;</MACHPARAM>
       <OPDIM>1</OPDIM>
      </Draw>
      <Draw>
       <FUNCTNAME>LINE</FUNCTNAME>
       <SIDE>2</SIDE>
       <X>570.05013</X>
       <Y>13.00000</Y>
       <LENGTH>409.94987</LENGTH>
       <WIDTH>13.00000</WIDTH>
       <LW>1</LW>
       <OPTYPE>1</OPTYPE>
       <ID>&quot;8&quot;</ID>
       <SEQ>1</SEQ>
       <OPSIDE>2</OPSIDE>
       <TOOL>&quot;SAW&quot;</TOOL>
       <Z2>1.00000</Z2>
       <THICK>4.00000</THICK>
       <MACHPARAM>T=&quot;140&quot;</MACHPARAM>
       <OPDIM>1</OPDIM>
      </Draw>
      <Draw>
       <FUNCTNAME>LINE</FUNCTNAME>
       <SIDE>2</SIDE>
       <X>39.94987</X>
       <Y>6.50000</Y>
       <LENGTH>220.05013</LENGTH>
       <WIDTH>6.50000</WIDTH>
       <LW>1</LW>
       <OPTYPE>1</OPTYPE>
       <ID>&quot;9&quot;</ID>
       <SEQ>1</SEQ>
       <OPSIDE>2</OPSIDE>
       <TOOL>&quot;SAW&quot;</TOOL>
       <Z2>1.00000</Z2>
       <THICK>7.00000</THICK>
       <MACHPARAM>T=&quot;140&quot;</MACHPARAM>
       <OPDIM>1</OPDIM>
      </Draw>
      <Draw>
       <FUNCTNAME>LINE</FUNCTNAME>
       <SIDE>4</SIDE>
       <X>29.94987</X>
       <Y>13.50000</Y>
       <LENGTH>190.05013</LENGTH>
       <WIDTH>13.50000</WIDTH>
       <LW>1</LW>
       <OPTYPE>1</OPTYPE>
       <ID>&quot;10&quot;</ID>
       <SEQ>1</SEQ>
       <OPSIDE>2</OPSIDE>
       <TOOL>&quot;SAW&quot;</TOOL>
       <Z2>1.00000</Z2>
       <THICK>3.00000</THICK>
       <MACHPARAM>T=&quot;140&quot;</MACHPARAM>
       <OPDIM>1</OPDIM>
      </Draw>
      <Draw>
       <FUNCTNAME>LINE</FUNCTNAME>
       <SIDE>4</SIDE>
       <X>580.05013</X>
       <Y>5.00000</Y>
       <LENGTH>459.94987</LENGTH>
       <WIDTH>5.00000</WIDTH>
       <LW>1</LW>
       <OPTYPE>1</OPTYPE>
       <ID>&quot;11&quot;</ID>
       <SEQ>1</SEQ>
       <OPSIDE>2</OPSIDE>
       <TOOL>&quot;SAW&quot;</TOOL>
       <Z2>1.00000</Z2>
       <THICK>6.00000</THICK>
       <MACHPARAM>T=&quot;140&quot;</MACHPARAM>
       <OPDIM>1</OPDIM>
      </Draw>
      <Draw>
       <FUNCTNAME>LINE</FUNCTNAME>
       <SIDE>3</SIDE>
       <X>1152.94128</X>
       <Y>11.50000</Y>
       <LENGTH>1017.05872</LENGTH>
       <WIDTH>11.50000</WIDTH>
       <LW>1</LW>
       <OPTYPE>1</OPTYPE>
       <ID>&quot;12&quot;</ID>
       <SEQ>1</SEQ>
       <OPSIDE>2</OPSIDE>
       <TOOL>&quot;SAW&quot;</TOOL>
       <Z2>3.00000</Z2>
       <THICK>3.00000</THICK>
       <MACHPARAM>T=&quot;140&quot;</MACHPARAM>
       <OPDIM>1</OPDIM>
      </Draw>
      <Draw>
       <FUNCTNAME>LINE</FUNCTNAME>
       <SIDE>3</SIDE>
       <X>44.00000</X>
       <Y>6.50000</Y>
       <LENGTH>286.00000</LENGTH>
       <WIDTH>6.50000</WIDTH>
       <LW>1</LW>
       <OPTYPE>1</OPTYPE>
       <ID>&quot;13&quot;</ID>
       <SEQ>1</SEQ>
       <OPSIDE>2</OPSIDE>
       <TOOL>&quot;SAW&quot;</TOOL>
       <Z2>2.00000</Z2>
       <THICK>3.00000</THICK>
       <MACHPARAM>T=&quot;140&quot;</MACHPARAM>
       <OPDIM>1</OPDIM>
      </Draw>
      <Draw>
       <FUNCTNAME>LINE</FUNCTNAME>
       <SIDE>5</SIDE>
       <X>26.79449</X>
       <Y>581.50000</Y>
       <LENGTH>1173.20551</LENGTH>
       <WIDTH>581.50000</WIDTH>
       <LW>1</LW>
       <OPTYPE>1</OPTYPE>
       <ID>&quot;14&quot;</ID>
       <SEQ>1</SEQ>
       <OPSIDE>2</OPSIDE>
       <TOOL>&quot;SAW&quot;</TOOL>
       <Z2>5.00000</Z2>
       <THICK>7.00000</THICK>
       <MACHPARAM>T=&quot;140&quot;</MACHPARAM>
       <OPDIM>1</OPDIM>
      </Draw>
      <Draw>
       <FUNCTNAME>LINE</FUNCTNAME>
       <SIDE>5</SIDE>
       <X>1163.00000</X>
       <Y>67.05872</Y>
       <LENGTH>1163.00000</LENGTH>
       <WIDTH>450.00000</WIDTH>
       <LW>1</LW>
       <OPTYPE>1</OPTYPE>
       <ID>&quot;15&quot;</ID>
       <SEQ>1</SEQ>
       <OPSIDE>2</OPSIDE>
       <TOOL>&quot;SAW&quot;</TOOL>
       <Z2>3.00000</Z2>
       <THICK>14.00000</THICK>
       <MACHPARAM>T=&quot;140&quot;</MACHPARAM>
       <OPDIM>1</OPDIM>
      </Draw>
      <Draw>
       <FUNCTNAME>LINE</FUNCTNAME>
       <SIDE>5</SIDE>
       <X>107.05872</X>
       <Y>80.00000</Y>
       <LENGTH>1082.94128</LENGTH>
       <WIDTH>80.00000</WIDTH>
       <LW>1</LW>
       <OPTYPE>1</OPTYPE>
       <ID>&quot;16&quot;</ID>
       <SEQ>1</SEQ>
       <OPSIDE>2</OPSIDE>
       <TOOL>&quot;SAW&quot;</TOOL>
       <Z2>3.00000</Z2>
       <THICK>20.00000</THICK>
       <MACHPARAM>T=&quot;140&quot;</MACHPARAM>
       <OPDIM>1</OPDIM>
      </Draw>
      <Draw>
       <FUNCTNAME>LINE</FUNCTNAME>
       <SIDE>5</SIDE>
       <X>60.00000</X>
       <Y>528.20551</Y>
       <LENGTH>60.00000</LENGTH>
       <WIDTH>121.79449</WIDTH>
       <LW>1</LW>
       <OPTYPE>1</OPTYPE>
       <ID>&quot;17&quot;</ID>
       <SEQ>1</SEQ>
       <OPSIDE>2</OPSIDE>
       <TOOL>&quot;SAW&quot;</TOOL>
       <Z2>5.00000</Z2>
       <THICK>20.00000</THICK>
       <MACHPARAM>T=&quot;140&quot;</MACHPARAM>
       <OPDIM>1</OPDIM>
      </Draw>
      <Draw>
       <FUNCTNAME>LINE</FUNCTNAME>
       <SIDE>1</SIDE>
       <X>1170.05013</X>
       <Y>5.00000</Y>
       <LENGTH>1059.94987</LENGTH>
       <WIDTH>5.00000</WIDTH>
       <LW>1</LW>
       <OPTYPE>1</OPTYPE>
       <ID>&quot;18&quot;</ID>
       <SEQ>1</SEQ>
       <OPSIDE>2</OPSIDE>
       <TOOL>&quot;SAW&quot;</TOOL>
       <Z2>1.00000</Z2>
       <THICK>3.00000</THICK>
       <MACHPARAM>T=&quot;140&quot;</MACHPARAM>
       <OPDIM>1</OPDIM>
      </Draw>
      <Draw>
       <FUNCTNAME>LINE</FUNCTNAME>
       <SIDE>1</SIDE>
       <X>290.05013</X>
       <Y>13.00000</Y>
       <LENGTH>69.94987</LENGTH>
       <WIDTH>13.00000</WIDTH>
       <LW>1</LW>
       <OPTYPE>1</OPTYPE>
       <ID>&quot;19&quot;</ID>
       <SEQ>1</SEQ>
       <OPSIDE>2</OPSIDE>
       <TOOL>&quot;SAW&quot;</TOOL>
       <Z2>1.00000</Z2>
       <THICK>3.00000</THICK>
       <MACHPARAM>T=&quot;140&quot;</MACHPARAM>
       <OPDIM>1</OPDIM>
      </Draw>
      <Draw>
       <FUNCTNAME>LINE</FUNCTNAME>
       <SIDE>0</SIDE>
       <X>37.00000</X>
       <Y>67.05872</Y>
       <LENGTH>37.00000</LENGTH>
       <WIDTH>450.00000</WIDTH>
       <LW>1</LW>
       <OPTYPE>1</OPTYPE>
       <ID>&quot;20&quot;</ID>
       <SEQ>1</SEQ>
       <OPSIDE>2</OPSIDE>
       <TOOL>&quot;SAW&quot;</TOOL>
       <Z2>3.00000</Z2>
       <THICK>14.00000</THICK>
       <MACHPARAM>T=&quot;140&quot;</MACHPARAM>
       <OPDIM>1</OPDIM>
      </Draw>
      <Draw>
       <FUNCTNAME>LINE</FUNCTNAME>
       <SIDE>0</SIDE>
       <X>1140.00000</X>
       <Y>528.20551</Y>
       <LENGTH>1140.00000</LENGTH>
       <WIDTH>121.79449</WIDTH>
       <LW>1</LW>
       <OPTYPE>1</OPTYPE>
       <ID>&quot;21&quot;</ID>
       <SEQ>1</SEQ>
       <OPSIDE>2</OPSIDE>
       <TOOL>&quot;SAW&quot;</TOOL>
       <Z2>5.00000</Z2>
       <THICK>20.00000</THICK>
       <MACHPARAM>T=&quot;140&quot;</MACHPARAM>
       <OPDIM>1</OPDIM>
      </Draw>
      <Draw>
       <FUNCTNAME>LINE</FUNCTNAME>
       <SIDE>0</SIDE>
       <X>1092.94128</X>
       <Y>80.00000</Y>
       <LENGTH>117.05872</LENGTH>
       <WIDTH>80.00000</WIDTH>
       <LW>1</LW>
       <OPTYPE>1</OPTYPE>
       <ID>&quot;22&quot;</ID>
       <SEQ>1</SEQ>
       <OPSIDE>2</OPSIDE>
       <TOOL>&quot;SAW&quot;</TOOL>
       <Z2>3.00000</Z2>
       <THICK>20.00000</THICK>
       <MACHPARAM>T=&quot;140&quot;</MACHPARAM>
       <OPDIM>1</OPDIM>
      </Draw>
      <Draw>
       <FUNCTNAME>LINE</FUNCTNAME>
       <SIDE>0</SIDE>
       <X>26.79449</X>
       <Y>581.50000</Y>
       <LENGTH>1173.20551</LENGTH>
       <WIDTH>581.50000</WIDTH>
       <LW>1</LW>
       <OPTYPE>1</OPTYPE>
       <ID>&quot;23&quot;</ID>
       <SEQ>1</SEQ>
       <OPSIDE>2</OPSIDE>
       <TOOL>&quot;SAW&quot;</TOOL>
       <Z2>5.00000</Z2>
       <THICK>7.00000</THICK>
       <MACHPARAM>T=&quot;140&quot;</MACHPARAM>
       <OPDIM>1</OPDIM>
      </Draw>
      <Draw>
       <FUNCTNAME>LINE</FUNCTNAME>
       <SIDE>5</SIDE>
       <X>480.00000</X>
       <Y>0.00000</Y>
       <LENGTH>521.20370</LENGTH>
       <WIDTH>127.50000</WIDTH>
       <LW>1</LW>
       <ID>&quot;24&quot;</ID>
       <SEQ>1</SEQ>
       <OPTYPE>1</OPTYPE>
       <OPSIDE>0</OPSIDE>
       <TOOL>&quot;MILL&quot;</TOOL>
       <Z2>21.00000</Z2>
       <MACHPARAM>T=&quot;333&quot;</MACHPARAM>
       <OPDIM>1</OPDIM>
      </Draw>
      <Draw>
       <FUNCTNAME>LINE</FUNCTNAME>
       <SIDE>5</SIDE>
       <X>521.20370</X>
       <Y>127.50000</Y>
       <LENGTH>720.00000</LENGTH>
       <WIDTH>127.50000</WIDTH>
       <LW>1</LW>
       <ID>&quot;24&quot;</ID>
       <SEQ>2</SEQ>
       <OPTYPE>1</OPTYPE>
       <OPSIDE>0</OPSIDE>
       <TOOL>&quot;MILL&quot;</TOOL>
       <Z2>21.00000</Z2>
       <MACHPARAM>T=&quot;333&quot;</MACHPARAM>
       <OPDIM>1</OPDIM>
      </Draw>
      <Draw>
       <FUNCTNAME>LINE</FUNCTNAME>
       <SIDE>5</SIDE>
       <X>720.00000</X>
       <Y>127.50000</Y>
       <LENGTH>720.00000</LENGTH>
       <WIDTH>0.00000</WIDTH>
       <LW>1</LW>
       <ID>&quot;24&quot;</ID>
       <SEQ>3</SEQ>
       <OPTYPE>1</OPTYPE>
       <OPSIDE>0</OPSIDE>
       <TOOL>&quot;MILL&quot;</TOOL>
       <Z2>21.00000</Z2>
       <MACHPARAM>T=&quot;333&quot;</MACHPARAM>
       <OPDIM>1</OPDIM>
      </Draw>
      <Draw>
       <FUNCTNAME>ARC</FUNCTNAME>
       <SIDE>5</SIDE>
       <X>297.50000</X>
       <Y>435.00000</Y>
       <LENGTH>402.50000</LENGTH>
       <WIDTH>362.50000</WIDTH>
       <PartDrawXStart>354.76165</PartDrawXStart>
       <PartDrawYStart>405.64619</PartDrawYStart>
       <RADIUS>64.34705</RADIUS>
       <PartDrawDir>2</PartDrawDir>
       <LW>1</LW>
       <ID>&quot;25&quot;</ID>
       <SEQ>1</SEQ>
       <OPTYPE>1</OPTYPE>
       <OPSIDE>2</OPSIDE>
       <TOOL>&quot;MILL&quot;</TOOL>
       <Z2>1.10000</Z2>
       <THICK>11.00000</THICK>
       <MACHPARAM>T=&quot;101&quot;</MACHPARAM>
       <OPDIM>1</OPDIM>
      </Draw>
      <Draw>
       <FUNCTNAME>ARC</FUNCTNAME>
       <SIDE>0</SIDE>
       <X>902.50000</X>
       <Y>435.00000</Y>
       <LENGTH>797.50000</LENGTH>
       <WIDTH>362.50000</WIDTH>
       <PartDrawXStart>845.23835</PartDrawXStart>
       <PartDrawYStart>405.64619</PartDrawYStart>
       <RADIUS>-64.34705</RADIUS>
       <PartDrawDir>1</PartDrawDir>
       <LW>1</LW>
       <ID>&quot;26&quot;</ID>
       <SEQ>1</SEQ>
       <OPTYPE>1</OPTYPE>
       <OPSIDE>2</OPSIDE>
       <TOOL>&quot;MILL&quot;</TOOL>
       <Z2>1.10000</Z2>
       <THICK>11.00000</THICK>
       <MACHPARAM>T=&quot;101&quot;</MACHPARAM>
       <OPDIM>1</OPDIM>
      </Draw>
      <Draw>
       <FUNCTNAME>LINE</FUNCTNAME>
       <SIDE>0</SIDE>
       <X>727.50000</X>
       <Y>337.50000</Y>
       <LENGTH>673.01974</LENGTH>
       <WIDTH>394.15947</WIDTH>
       <LW>1</LW>
       <ID>&quot;27&quot;</ID>
       <SEQ>1</SEQ>
       <OPTYPE>1</OPTYPE>
       <OPSIDE>2</OPSIDE>
       <TOOL>&quot;MILL&quot;</TOOL>
       <Z2>3.00000</Z2>
       <THICK>20.00000</THICK>
       <MACHPARAM>T=&quot;101&quot;</MACHPARAM>
       <OPDIM>1</OPDIM>
      </Draw>
      <Draw>
       <FUNCTNAME>ARC</FUNCTNAME>
       <SIDE>0</SIDE>
       <X>673.01974</X>
       <Y>394.15947</Y>
       <LENGTH>657.90921</LENGTH>
       <WIDTH>393.35662</WIDTH>
       <PartDrawXStart>665.81141</PartDrawXStart>
       <PartDrawYStart>387.22838</PartDrawYStart>
       <RADIUS>10.00000</RADIUS>
       <PartDrawDir>1</PartDrawDir>
       <LW>1</LW>
       <ID>&quot;27&quot;</ID>
       <SEQ>2</SEQ>
       <OPTYPE>1</OPTYPE>
       <OPSIDE>2</OPSIDE>
       <TOOL>&quot;MILL&quot;</TOOL>
       <Z2>3.00000</Z2>
       <THICK>20.00000</THICK>
       <MACHPARAM>T=&quot;101&quot;</MACHPARAM>
       <OPDIM>1</OPDIM>
      </Draw>
      <Draw>
       <FUNCTNAME>LINE</FUNCTNAME>
       <SIDE>0</SIDE>
       <X>657.90921</X>
       <Y>393.35662</Y>
       <LENGTH>576.50221</LENGTH>
       <WIDTH>288.38443</WIDTH>
       <LW>1</LW>
       <ID>&quot;27&quot;</ID>
       <SEQ>3</SEQ>
       <OPTYPE>1</OPTYPE>
       <OPSIDE>2</OPSIDE>
       <TOOL>&quot;MILL&quot;</TOOL>
       <Z2>3.00000</Z2>
       <THICK>20.00000</THICK>
       <MACHPARAM>T=&quot;101&quot;</MACHPARAM>
       <OPDIM>1</OPDIM>
      </Draw>
      <Draw>
       <FUNCTNAME>ARC</FUNCTNAME>
       <SIDE>0</SIDE>
       <X>576.50221</X>
       <Y>288.38443</Y>
       <LENGTH>562.01497</LENGTH>
       <WIDTH>286.98690</WIDTH>
       <PartDrawXStart>568.60002</PartDrawXStart>
       <PartDrawYStart>294.51267</PartDrawYStart>
       <RADIUS>-10.00000</RADIUS>
       <PartDrawDir>2</PartDrawDir>
       <LW>1</LW>
       <ID>&quot;27&quot;</ID>
       <SEQ>4</SEQ>
       <OPTYPE>1</OPTYPE>
       <OPSIDE>2</OPSIDE>
       <TOOL>&quot;MILL&quot;</TOOL>
       <Z2>3.00000</Z2>
       <THICK>20.00000</THICK>
       <MACHPARAM>T=&quot;101&quot;</MACHPARAM>
       <OPDIM>1</OPDIM>
      </Draw>
      <Draw>
       <FUNCTNAME>LINE</FUNCTNAME>
       <SIDE>0</SIDE>
       <X>562.01497</X>
       <Y>286.98690</Y>
       <LENGTH>510.00000</LENGTH>
       <WIDTH>332.50000</WIDTH>
       <LW>1</LW>
       <ID>&quot;27&quot;</ID>
       <SEQ>5</SEQ>
       <OPTYPE>1</OPTYPE>
       <OPSIDE>2</OPSIDE>
       <TOOL>&quot;MILL&quot;</TOOL>
       <Z2>3.00000</Z2>
       <THICK>20.00000</THICK>
       <MACHPARAM>T=&quot;101&quot;</MACHPARAM>
       <OPDIM>1</OPDIM>
      </Draw>
      <Draw>
       <FUNCTNAME>LINE</FUNCTNAME>
       <SIDE>5</SIDE>
       <X>472.50000</X>
       <Y>337.50000</Y>
       <LENGTH>526.98026</LENGTH>
       <WIDTH>394.15947</WIDTH>
       <LW>1</LW>
       <ID>&quot;28&quot;</ID>
       <SEQ>1</SEQ>
       <OPTYPE>1</OPTYPE>
       <OPSIDE>2</OPSIDE>
       <TOOL>&quot;MILL&quot;</TOOL>
       <Z2>3.00000</Z2>
       <THICK>20.00000</THICK>
       <MACHPARAM>T=&quot;101&quot;</MACHPARAM>
       <OPDIM>1</OPDIM>
      </Draw>
      <Draw>
       <FUNCTNAME>ARC</FUNCTNAME>
       <SIDE>5</SIDE>
       <X>526.98026</X>
       <Y>394.15947</Y>
       <LENGTH>542.09079</LENGTH>
       <WIDTH>393.35662</WIDTH>
       <PartDrawXStart>534.18859</PartDrawXStart>
       <PartDrawYStart>387.22838</PartDrawYStart>
       <RADIUS>-10.00000</RADIUS>
       <PartDrawDir>2</PartDrawDir>
       <LW>1</LW>
       <ID>&quot;28&quot;</ID>
       <SEQ>2</SEQ>
       <OPTYPE>1</OPTYPE>
       <OPSIDE>2</OPSIDE>
       <TOOL>&quot;MILL&quot;</TOOL>
       <Z2>3.00000</Z2>
       <THICK>20.00000</THICK>
       <MACHPARAM>T=&quot;101&quot;</MACHPARAM>
       <OPDIM>1</OPDIM>
      </Draw>
      <Draw>
       <FUNCTNAME>LINE</FUNCTNAME>
       <SIDE>5</SIDE>
       <X>542.09079</X>
       <Y>393.35662</Y>
       <LENGTH>623.49779</LENGTH>
       <WIDTH>288.38443</WIDTH>
       <LW>1</LW>
       <ID>&quot;28&quot;</ID>
       <SEQ>3</SEQ>
       <OPTYPE>1</OPTYPE>
       <OPSIDE>2</OPSIDE>
       <TOOL>&quot;MILL&quot;</TOOL>
       <Z2>3.00000</Z2>
       <THICK>20.00000</THICK>
       <MACHPARAM>T=&quot;101&quot;</MACHPARAM>
       <OPDIM>1</OPDIM>
      </Draw>
      <Draw>
       <FUNCTNAME>ARC</FUNCTNAME>
       <SIDE>5</SIDE>
       <X>623.49779</X>
       <Y>288.38443</Y>
       <LENGTH>637.98503</LENGTH>
       <WIDTH>286.98690</WIDTH>
       <PartDrawXStart>631.39998</PartDrawXStart>
       <PartDrawYStart>294.51267</PartDrawYStart>
       <RADIUS>10.00000</RADIUS>
       <PartDrawDir>1</PartDrawDir>
       <LW>1</LW>
       <ID>&quot;28&quot;</ID>
       <SEQ>4</SEQ>
       <OPTYPE>1</OPTYPE>
       <OPSIDE>2</OPSIDE>
       <TOOL>&quot;MILL&quot;</TOOL>
       <Z2>3.00000</Z2>
       <THICK>20.00000</THICK>
       <MACHPARAM>T=&quot;101&quot;</MACHPARAM>
       <OPDIM>1</OPDIM>
      </Draw>
      <Draw>
       <FUNCTNAME>LINE</FUNCTNAME>
       <SIDE>5</SIDE>
       <X>637.98503</X>
       <Y>286.98690</Y>
       <LENGTH>690.00000</LENGTH>
       <WIDTH>332.50000</WIDTH>
       <LW>1</LW>
       <ID>&quot;28&quot;</ID>
       <SEQ>5</SEQ>
       <OPTYPE>1</OPTYPE>
       <OPSIDE>2</OPSIDE>
       <TOOL>&quot;MILL&quot;</TOOL>
       <Z2>3.00000</Z2>
       <THICK>20.00000</THICK>
       <MACHPARAM>T=&quot;101&quot;</MACHPARAM>
       <OPDIM>1</OPDIM>
      </Draw>
      <Draw>
       <FUNCTNAME>LINE</FUNCTNAME>
       <SIDE>0</SIDE>
       <X>964.65561</X>
       <Y>343.33249</Y>
       <LENGTH>984.90252</LENGTH>
       <WIDTH>304.18846</WIDTH>
       <LW>1</LW>
       <ID>&quot;29&quot;</ID>
       <SEQ>1</SEQ>
       <OPTYPE>1</OPTYPE>
       <OPSIDE>1</OPSIDE>
       <TOOL>&quot;MILL&quot;</TOOL>
       <Z2>18.00000</Z2>
       <MACHPARAM>T=&quot;101&quot;</MACHPARAM>
       <OPDIM>1</OPDIM>
      </Draw>
      <Draw>
       <FUNCTNAME>ARC</FUNCTNAME>
       <SIDE>0</SIDE>
       <X>984.90252</X>
       <Y>304.18846</Y>
       <LENGTH>967.13817</LENGTH>
       <WIDTH>275.00000</WIDTH>
       <PartDrawXStart>967.13817</PartDrawXStart>
       <PartDrawYStart>295.00000</PartDrawYStart>
       <RADIUS>-20.00000</RADIUS>
       <PartDrawDir>2</PartDrawDir>
       <LW>1</LW>
       <ID>&quot;29&quot;</ID>
       <SEQ>2</SEQ>
       <OPTYPE>1</OPTYPE>
       <OPSIDE>1</OPSIDE>
       <TOOL>&quot;MILL&quot;</TOOL>
       <Z2>18.00000</Z2>
       <MACHPARAM>T=&quot;101&quot;</MACHPARAM>
       <OPDIM>1</OPDIM>
      </Draw>
      <Draw>
       <FUNCTNAME>LINE</FUNCTNAME>
       <SIDE>0</SIDE>
       <X>967.13817</X>
       <Y>275.00000</Y>
       <LENGTH>892.89949</LENGTH>
       <WIDTH>275.00000</WIDTH>
       <LW>1</LW>
       <ID>&quot;29&quot;</ID>
       <SEQ>3</SEQ>
       <OPTYPE>1</OPTYPE>
       <OPSIDE>1</OPSIDE>
       <TOOL>&quot;MILL&quot;</TOOL>
       <Z2>18.00000</Z2>
       <MACHPARAM>T=&quot;101&quot;</MACHPARAM>
       <OPDIM>1</OPDIM>
      </Draw>
      <Draw>
       <FUNCTNAME>ARC</FUNCTNAME>
       <SIDE>0</SIDE>
       <X>892.89949</X>
       <Y>275.00000</Y>
       <LENGTH>874.53301</LENGTH>
       <WIDTH>302.91659</WIDTH>
       <PartDrawXStart>892.89949</PartDrawXStart>
       <PartDrawYStart>295.00000</PartDrawYStart>
       <RADIUS>-20.00000</RADIUS>
       <PartDrawDir>2</PartDrawDir>
       <LW>1</LW>
       <ID>&quot;29&quot;</ID>
       <SEQ>4</SEQ>
       <OPTYPE>1</OPTYPE>
       <OPSIDE>1</OPSIDE>
       <TOOL>&quot;MILL&quot;</TOOL>
       <Z2>18.00000</Z2>
       <MACHPARAM>T=&quot;101&quot;</MACHPARAM>
       <OPDIM>1</OPDIM>
      </Draw>
      <Draw>
       <FUNCTNAME>LINE</FUNCTNAME>
       <SIDE>0</SIDE>
       <X>874.53301</X>
       <Y>302.91659</Y>
       <LENGTH>908.27786</LENGTH>
       <WIDTH>381.20464</WIDTH>
       <LW>1</LW>
       <ID>&quot;29&quot;</ID>
       <SEQ>5</SEQ>
       <OPTYPE>1</OPTYPE>
       <OPSIDE>1</OPSIDE>
       <TOOL>&quot;MILL&quot;</TOOL>
       <Z2>18.00000</Z2>
       <MACHPARAM>T=&quot;101&quot;</MACHPARAM>
       <OPDIM>1</OPDIM>
      </Draw>
      <Draw>
       <FUNCTNAME>ARC</FUNCTNAME>
       <SIDE>0</SIDE>
       <X>908.27786</X>
       <Y>381.20464</Y>
       <LENGTH>944.40870</LENGTH>
       <WIDTH>382.47652</WIDTH>
       <PartDrawXStart>926.64435</PartDrawXStart>
       <PartDrawYStart>373.28806</PartDrawYStart>
       <RADIUS>-20.00000</RADIUS>
       <PartDrawDir>2</PartDrawDir>
       <LW>1</LW>
       <ID>&quot;29&quot;</ID>
       <SEQ>6</SEQ>
       <OPTYPE>1</OPTYPE>
       <OPSIDE>1</OPSIDE>
       <TOOL>&quot;MILL&quot;</TOOL>
       <Z2>18.00000</Z2>
       <MACHPARAM>T=&quot;101&quot;</MACHPARAM>
       <OPDIM>1</OPDIM>
      </Draw>
      <Draw>
       <FUNCTNAME>LINE</FUNCTNAME>
       <SIDE>0</SIDE>
       <X>944.40870</X>
       <Y>382.47652</Y>
       <LENGTH>964.65561</LENGTH>
       <WIDTH>343.33249</WIDTH>
       <LW>1</LW>
       <ID>&quot;29&quot;</ID>
       <SEQ>7</SEQ>
       <OPTYPE>1</OPTYPE>
       <OPSIDE>1</OPSIDE>
       <TOOL>&quot;MILL&quot;</TOOL>
       <Z2>18.00000</Z2>
       <MACHPARAM>T=&quot;101&quot;</MACHPARAM>
       <OPDIM>1</OPDIM>
      </Draw>
      <Draw>
       <FUNCTNAME>ARC</FUNCTNAME>
       <SIDE>0</SIDE>
       <X>926.16062</X>
       <Y>202.50000</Y>
       <LENGTH>838.83938</LENGTH>
       <WIDTH>202.50000</WIDTH>
       <PartDrawXStart>882.50000</PartDrawXStart>
       <PartDrawYStart>202.50000</PartDrawYStart>
       <RADIUS>-43.66062</RADIUS>
       <PartDrawDir>2</PartDrawDir>
       <LW>1</LW>
       <ID>&quot;30&quot;</ID>
       <SEQ>1</SEQ>
       <OPTYPE>1</OPTYPE>
       <OPSIDE>1</OPSIDE>
       <TOOL>&quot;MILL&quot;</TOOL>
       <Z2>18.00000</Z2>
       <MACHPARAM>T=&quot;101&quot;</MACHPARAM>
       <OPDIM>1</OPDIM>
      </Draw>
      <Draw>
       <FUNCTNAME>ARC</FUNCTNAME>
       <SIDE>0</SIDE>
       <X>838.83938</X>
       <Y>202.50000</Y>
       <LENGTH>926.16062</LENGTH>
       <WIDTH>202.50000</WIDTH>
       <PartDrawXStart>882.50000</PartDrawXStart>
       <PartDrawYStart>202.50000</PartDrawYStart>
       <RADIUS>-43.66062</RADIUS>
       <PartDrawDir>2</PartDrawDir>
       <LW>1</LW>
       <ID>&quot;30&quot;</ID>
       <SEQ>2</SEQ>
       <OPTYPE>1</OPTYPE>
       <OPSIDE>1</OPSIDE>
       <TOOL>&quot;MILL&quot;</TOOL>
       <Z2>18.00000</Z2>
       <MACHPARAM>T=&quot;101&quot;</MACHPARAM>
       <OPDIM>1</OPDIM>
      </Draw>
      <Draw>
       <FUNCTNAME>CIRCLE</FUNCTNAME>
       <SIDE>5</SIDE>
       <X>437.50000</X>
       <Y>260.00000</Y>
       <RADIUS>53.15073</RADIUS>
       <LW>2</LW>
       <OPTYPE>2</OPTYPE>
       <ID>&quot;31&quot;</ID>
       <SEQ>1</SEQ>
       <OPSIDE>0</OPSIDE>
       <Z2>1.75000</Z2>
       <TOOL>&quot;MILL&quot;</TOOL>
       <MACHPARAM></MACHPARAM>
       <OPDIM>1</OPDIM>
      </Draw>
      <Draw>
       <FUNCTNAME>CIRCLE</FUNCTNAME>
       <SIDE>0</SIDE>
       <X>762.50000</X>
       <Y>260.00000</Y>
       <RADIUS>53.15073</RADIUS>
       <LW>2</LW>
       <OPTYPE>2</OPTYPE>
       <ID>&quot;32&quot;</ID>
       <SEQ>1</SEQ>
       <OPSIDE>0</OPSIDE>
       <Z2>1.75000</Z2>
       <TOOL>&quot;MILL&quot;</TOOL>
       <MACHPARAM></MACHPARAM>
       <OPDIM>1</OPDIM>
      </Draw>
      <Draw>
       <FUNCTNAME>RECTANGLE</FUNCTNAME>
       <SIDE>5</SIDE>
       <X>1000.00000</X>
       <Y>472.50000</Y>
       <LENGTH>150.00000</LENGTH>
       <WIDTH>80.00000</WIDTH>
       <LW>2</LW>
       <OPTYPE>2</OPTYPE>
       <ID>&quot;33&quot;</ID>
       <SEQ>1</SEQ>
       <OPSIDE>0</OPSIDE>
       <Z2>3.50000</Z2>
       <RADIUS>0.00000</RADIUS>
       <TOOL>&quot;MILL&quot;</TOOL>
       <MACHPARAM></MACHPARAM>
       <OPDIM>1</OPDIM>
      </Draw>
      <Draw>
       <FUNCTNAME>RECTANGLE</FUNCTNAME>
       <SIDE>0</SIDE>
       <X>206.25000</X>
       <Y>277.50000</Y>
       <LENGTH>137.50000</LENGTH>
       <WIDTH>60.00000</WIDTH>
       <LW>2</LW>
       <OPTYPE>2</OPTYPE>
       <ID>&quot;34&quot;</ID>
       <SEQ>1</SEQ>
       <OPSIDE>0</OPSIDE>
       <Z2>3.10000</Z2>
       <RADIUS>20.00000</RADIUS>
       <TOOL>&quot;MILL&quot;</TOOL>
       <MACHPARAM></MACHPARAM>
       <OPDIM>1</OPDIM>
      </Draw>
      <Draw>
       <FUNCTNAME>RECTANGLE</FUNCTNAME>
       <SIDE>0</SIDE>
       <X>200.00000</X>
       <Y>472.50000</Y>
       <LENGTH>150.00000</LENGTH>
       <WIDTH>80.00000</WIDTH>
       <LW>2</LW>
       <OPTYPE>2</OPTYPE>
       <ID>&quot;35&quot;</ID>
       <SEQ>1</SEQ>
       <OPSIDE>0</OPSIDE>
       <Z2>3.50000</Z2>
       <RADIUS>0.00000</RADIUS>
       <TOOL>&quot;MILL&quot;</TOOL>
       <MACHPARAM>T=&quot;170&quot;</MACHPARAM>
       <OPDIM>1</OPDIM>
      </Draw>
      <Draw>
       <FUNCTNAME>RECTANGLE</FUNCTNAME>
       <SIDE>5</SIDE>
       <X>993.75000</X>
       <Y>277.50000</Y>
       <LENGTH>137.50000</LENGTH>
       <WIDTH>60.00000</WIDTH>
       <LW>2</LW>
       <OPTYPE>2</OPTYPE>
       <ID>&quot;36&quot;</ID>
       <SEQ>1</SEQ>
       <OPSIDE>0</OPSIDE>
       <Z2>3.10000</Z2>
       <RADIUS>20.00000</RADIUS>
       <TOOL>&quot;MILL&quot;</TOOL>
       <MACHPARAM>T=&quot;170&quot;</MACHPARAM>
       <OPDIM>1</OPDIM>
      </Draw>
     </PartDraw>
     <PartDrawO>210</PartDrawO>
    </Part>
   </PartList>
  </PartFile>
 </PartCollection>
 <SheetCollection>
  <SheetFile>
   <SheetList/>
  </SheetFile>
 </SheetCollection>
</ArdisOptimizerProject>
