<?xml version="1.0" encoding="UTF-8"?>
<ArdisOptimizerProject>
 <PartCollection>
  <PartFile>
   <PartList>
    <Part Key="1">
     <PartMat>18 BRANCO</PartMat>
     <PartD>1</PartD>
     <PartQty>1</PartQty>
     <PartRef>TAMPO</PartRef>
     <PartCNCOriginMain>LeftWork</PartCNCOriginMain>
     <PartCNCOriginSecond>LeftWork</PartCNCOriginSecond>
     <PartL>1200.00000</PartL>
     <PartW>600.00000</PartW>
     <PartLMin>1200.00000</PartLMin>
     <PartWMin>600.00000</PartWMin>
     <PartRemark3>FURACAO / CORTE / CAIXA / CNC</PartRemark3>
     <PartExt01>    TAMPO</PartExt01>
     <PartExt02>TAMPO_391_A</PartExt02>
     <PartExt03>18.0 BRANCO</PartExt03>
     <PartExt08>TopXMLToScx</PartExt08>
     <PartExt09>1200</PartExt09>
     <PartExt10>600</PartExt10>
     <PartExt11>1200</PartExt11>
     <PartExt12>600</PartExt12>
     <PartExt13>18.00</PartExt13>
     <PartExt15>TAMPO_391_B</PartExt15>
     <PartDraw>
      <Draw>
       <FUNCTNAME>DRILL</FUNCTNAME>
       <SIDE>0</SIDE>
       <X>1191.00000</X>
       <Y>123.00000</Y>
       <RADIUS>4.00000</RADIUS>
       <Z2>10.00000</Z2>
       <TOOL>&quot;DRILL&quot;</TOOL>
       <MACHPARAM>MACHPROCESS=&quot; &quot;</MACHPARAM>
       <OPDIM>1</OPDIM>
       <OPSIDE>2</OPSIDE>
      </Draw>
      <Draw>
       <FUNCTNAME>DRILL</FUNCTNAME>
       <SIDE>0</SIDE>
       <X>1191.00000</X>
       <Y>315.00000</Y>
       <RADIUS>4.00000</RADIUS>
       <Z2>10.00000</Z2>
       <TOOL>&quot;DRILL&quot;</TOOL>
       <MACHPARAM>MACHPROCESS=&quot; &quot;</MACHPARAM>
       <OPDIM>1</OPDIM>
       <OPSIDE>2</OPSIDE>
      </Draw>
      <Draw>
       <FUNCTNAME>DRILL</FUNCTNAME>
       <SIDE>0</SIDE>
       <X>1191.00000</X>
       <Y>507.00000</Y>
       <RADIUS>4.00000</RADIUS>
       <Z2>10.00000</Z2>
       <TOOL>&quot;DRILL&quot;</TOOL>
       <MACHPARAM>MACHPROCESS=&quot; &quot;</MACHPARAM>
       <OPDIM>1</OPDIM>
       <OPSIDE>2</OPSIDE>
      </Draw>
      <Draw>
       <FUNCTNAME>DRILL</FUNCTNAME>
       <SIDE>0</SIDE>
       <X>1191.00000</X>
       <Y>75.00000</Y>
       <RADIUS>5.00000</RADIUS>
       <Z2>10.00000</Z2>
       <TOOL>&quot;DRILL&quot;</TOOL>
       <MACHPARAM>MACHPROCESS=&quot; &quot;</MACHPARAM>
       <OPDIM>1</OPDIM>
       <OPSIDE>2</OPSIDE>
      </Draw>
      <Draw>
       <FUNCTNAME>DRILL</FUNCTNAME>
       <SIDE>0</SIDE>
       <X>1191.00000</X>
       <Y>555.00000</Y>
       <RADIUS>5.00000</RADIUS>
       <Z2>10.00000</Z2>
       <TOOL>&quot;DRILL&quot;</TOOL>
       <MACHPARAM>MACHPROCESS=&quot; &quot;</MACHPARAM>
       <OPDIM>1</OPDIM>
       <OPSIDE>2</OPSIDE>
      </Draw>
      <Draw>
       <FUNCTNAME>DRILL</FUNCTNAME>
       <SIDE>0</SIDE>
       <X>9.00000</X>
       <Y>123.00000</Y>
       <RADIUS>4.00000</RADIUS>
       <Z2>10.00000</Z2>
       <TOOL>&quot;DRILL&quot;</TOOL>
       <MACHPARAM>MACHPROCESS=&quot; &quot;</MACHPARAM>
       <OPDIM>1</OPDIM>
       <OPSIDE>2</OPSIDE>
      </Draw>
      <Draw>
       <FUNCTNAME>DRILL</FUNCTNAME>
       <SIDE>0</SIDE>
       <X>9.00000</X>
       <Y>315.00000</Y>
       <RADIUS>4.00000</RADIUS>
       <Z2>10.00000</Z2>
       <TOOL>&quot;DRILL&quot;</TOOL>
       <MACHPARAM>MACHPROCESS=&quot; &quot;</MACHPARAM>
       <OPDIM>1</OPDIM>
       <OPSIDE>2</OPSIDE>
      </Draw>
      <Draw>
       <FUNCTNAME>DRILL</FUNCTNAME>
       <SIDE>0</SIDE>
       <X>9.00000</X>
       <Y>507.00000</Y>
       <RADIUS>4.00000</RADIUS>
       <Z2>10.00000</Z2>
       <TOOL>&quot;DRILL&quot;</TOOL>
       <MACHPARAM>MACHPROCESS=&quot; &quot;</MACHPARAM>
       <OPDIM>1</OPDIM>
       <OPSIDE>2</OPSIDE>
      </Draw>
      <Draw>
       <FUNCTNAME>DRILL</FUNCTNAME>
       <SIDE>0</SIDE>
       <X>9.00000</X>
       <Y>75.00000</Y>
       <RADIUS>5.00000</RADIUS>
       <Z2>10.00000</Z2>
       <TOOL>&quot;DRILL&quot;</TOOL>
       <MACHPARAM>MACHPROCESS=&quot; &quot;</MACHPARAM>
       <OPDIM>1</OPDIM>
       <OPSIDE>2</OPSIDE>
      </Draw>
      <Draw>
       <FUNCTNAME>DRILL</FUNCTNAME>
       <SIDE>0</SIDE>
       <X>9.00000</X>
       <Y>555.00000</Y>
       <RADIUS>5.00000</RADIUS>
       <Z2>10.00000</Z2>
       <TOOL>&quot;DRILL&quot;</TOOL>
       <MACHPARAM>MACHPROCESS=&quot; &quot;</MACHPARAM>
       <OPDIM>1</OPDIM>
       <OPSIDE>2</OPSIDE>
      </Draw>
      <Draw>
       <FUNCTNAME>DRILL</FUNCTNAME>
       <SIDE>0</SIDE>
       <X>1050.00000</X>
       <Y>150.00000</Y>
       <RADIUS>7.50000</RADIUS>
       <Z2>18.00000</Z2>
       <TOOL>&quot;DRILL&quot;</TOOL>
       <MACHPARAM>MACHPROCESS=&quot; &quot;</MACHPARAM>
       <OPDIM>1</OPDIM>
       <OPSIDE>2</OPSIDE>
      </Draw>
      <Draw>
       <FUNCTNAME>DRILL</FUNCTNAME>
       <SIDE>0</SIDE>
       <X>1050.00000</X>
       <Y>50.00000</Y>
       <RADIUS>13.00000</RADIUS>
       <Z2>1.00000</Z2>
       <TOOL>&quot;DRILL&quot;</TOOL>
       <MACHPARAM>MACHPROCESS=&quot; &quot;</MACHPARAM>
       <OPDIM>1</OPDIM>
       <OPSIDE>2</OPSIDE>
      </Draw>
      <Draw>
       <FUNCTNAME>DRILL</FUNCTNAME>
       <SIDE>0</SIDE>
       <X>986.00000</X>
       <Y>50.00000</Y>
       <RADIUS>13.00000</RADIUS>
       <Z2>1.00000</Z2>
       <TOOL>&quot;DRILL&quot;</TOOL>
       <MACHPARAM>MACHPROCESS=&quot; &quot;</MACHPARAM>
       <OPDIM>1</OPDIM>
       <OPSIDE>2</OPSIDE>
      </Draw>
      <Draw>
       <FUNCTNAME>DRILL</FUNCTNAME>
       <SIDE>0</SIDE>
       <X>922.00000</X>
       <Y>50.00000</Y>
       <RADIUS>13.00000</RADIUS>
       <Z2>1.00000</Z2>
       <TOOL>&quot;DRILL&quot;</TOOL>
       <MACHPARAM>MACHPROCESS=&quot; &quot;</MACHPARAM>
       <OPDIM>1</OPDIM>
       <OPSIDE>2</OPSIDE>
      </Draw>
      <Draw>
       <FUNCTNAME>DRILL</FUNCTNAME>
       <SIDE>0</SIDE>
       <X>858.00000</X>
       <Y>50.00000</Y>
       <RADIUS>13.00000</RADIUS>
       <Z2>1.00000</Z2>
       <TOOL>&quot;DRILL&quot;</TOOL>
       <MACHPARAM>MACHPROCESS=&quot; &quot;</MACHPARAM>
       <OPDIM>1</OPDIM>
       <OPSIDE>2</OPSIDE>
      </Draw>
      <Draw>
       <FUNCTNAME>DRILL</FUNCTNAME>
       <SIDE>0</SIDE>
       <X>794.00000</X>
       <Y>50.00000</Y>
       <RADIUS>13.00000</RADIUS>
       <Z2>1.00000</Z2>
       <TOOL>&quot;DRILL&quot;</TOOL>
       <MACHPARAM>MACHPROCESS=&quot; &quot;</MACHPARAM>
       <OPDIM>1</OPDIM>
       <OPSIDE>2</OPSIDE>
      </Draw>
      <Draw>
       <FUNCTNAME>DRILL</FUNCTNAME>
       <SIDE>5</SIDE>
       <X>406.00000</X>
       <Y>50.00000</Y>
       <RADIUS>17.50000</RADIUS>
       <Z2>5.00000</Z2>
       <TOOL>&quot;DRILL&quot;</TOOL>
       <MACHPARAM>MACHPROCESS=&quot; &quot;</MACHPARAM>
       <OPDIM>1</OPDIM>
      </Draw>
      <Draw>
       <FUNCTNAME>DRILL</FUNCTNAME>
       <SIDE>5</SIDE>
       <X>342.00000</X>
       <Y>50.00000</Y>
       <RADIUS>17.50000</RADIUS>
       <Z2>5.00000</Z2>
       <TOOL>&quot;DRILL&quot;</TOOL>
       <MACHPARAM>MACHPROCESS=&quot; &quot;</MACHPARAM>
       <OPDIM>1</OPDIM>
      </Draw>
      <Draw>
       <FUNCTNAME>DRILL</FUNCTNAME>
       <SIDE>5</SIDE>
       <X>278.00000</X>
       <Y>50.00000</Y>
       <RADIUS>17.50000</RADIUS>
       <Z2>5.00000</Z2>
       <TOOL>&quot;DRILL&quot;</TOOL>
       <MACHPARAM>MACHPROCESS=&quot; &quot;</MACHPARAM>
       <OPDIM>1</OPDIM>
      </Draw>
      <Draw>
       <FUNCTNAME>DRILL</FUNCTNAME>
       <SIDE>5</SIDE>
       <X>214.00000</X>
       <Y>50.00000</Y>
       <RADIUS>17.50000</RADIUS>
       <Z2>5.00000</Z2>
       <TOOL>&quot;DRILL&quot;</TOOL>
       <MACHPARAM>MACHPROCESS=&quot; &quot;</MACHPARAM>
       <OPDIM>1</OPDIM>
      </Draw>
      <Draw>
       <FUNCTNAME>DRILL</FUNCTNAME>
       <SIDE>5</SIDE>
       <X>150.00000</X>
       <Y>50.00000</Y>
       <RADIUS>17.50000</RADIUS>
       <Z2>5.00000</Z2>
       <TOOL>&quot;DRILL&quot;</TOOL>
       <MACHPARAM>MACHPROCESS=&quot; &quot;</MACHPARAM>
       <OPDIM>1</OPDIM>
      </Draw>
      <Draw>
       <FUNCTNAME>LINE</FUNCTNAME>
       <SIDE>2</SIDE>
       <X>570.05013</X>
       <Y>12.50000</Y>
       <LENGTH>409.94987</LENGTH>
       <WIDTH>12.50000</WIDTH>
       <LW>1</LW>
       <OPTYPE>1</OPTYPE>
       <ID>&quot;1&quot;</ID>
       <SEQ>1</SEQ>
       <OPSIDE>2</OPSIDE>
       <TOOL>&quot;SAW&quot;</TOOL>
       <Z2>1.00000</Z2>
       <THICK>5.00000</THICK>
       <MACHPARAM></MACHPARAM>
       <OPDIM>1</OPDIM>
      </Draw>
      <Draw>
       <FUNCTNAME>LINE</FUNCTNAME>
       <SIDE>2</SIDE>
       <X>39.94987</X>
       <Y>5.50000</Y>
       <LENGTH>220.05013</LENGTH>
       <WIDTH>5.50000</WIDTH>
       <LW>1</LW>
       <OPTYPE>1</OPTYPE>
       <ID>&quot;2&quot;</ID>
       <SEQ>1</SEQ>
       <OPSIDE>2</OPSIDE>
       <TOOL>&quot;SAW&quot;</TOOL>
       <Z2>1.00000</Z2>
       <THICK>5.00000</THICK>
       <MACHPARAM></MACHPARAM>
       <OPDIM>1</OPDIM>
      </Draw>
      <Draw>
       <FUNCTNAME>LINE</FUNCTNAME>
       <SIDE>4</SIDE>
       <X>29.94987</X>
       <Y>9.00000</Y>
       <LENGTH>190.05013</LENGTH>
       <WIDTH>9.00000</WIDTH>
       <LW>1</LW>
       <OPTYPE>1</OPTYPE>
       <ID>&quot;3&quot;</ID>
       <SEQ>1</SEQ>
       <OPSIDE>2</OPSIDE>
       <TOOL>&quot;SAW&quot;</TOOL>
       <Z2>1.00000</Z2>
       <THICK>4.00000</THICK>
       <MACHPARAM></MACHPARAM>
       <OPDIM>1</OPDIM>
      </Draw>
      <Draw>
       <FUNCTNAME>LINE</FUNCTNAME>
       <SIDE>4</SIDE>
       <X>580.05013</X>
       <Y>9.00000</Y>
       <LENGTH>459.94987</LENGTH>
       <WIDTH>9.00000</WIDTH>
       <LW>1</LW>
       <OPTYPE>1</OPTYPE>
       <ID>&quot;4&quot;</ID>
       <SEQ>1</SEQ>
       <OPSIDE>2</OPSIDE>
       <TOOL>&quot;SAW&quot;</TOOL>
       <Z2>1.00000</Z2>
       <THICK>4.00000</THICK>
       <MACHPARAM></MACHPARAM>
       <OPDIM>1</OPDIM>
      </Draw>
      <Draw>
       <FUNCTNAME>LINE</FUNCTNAME>
       <SIDE>3</SIDE>
       <X>1152.94128</X>
       <Y>11.50000</Y>
       <LENGTH>1017.05872</LENGTH>
       <WIDTH>11.50000</WIDTH>
       <LW>1</LW>
       <OPTYPE>1</OPTYPE>
       <ID>&quot;5&quot;</ID>
       <SEQ>1</SEQ>
       <OPSIDE>2</OPSIDE>
       <TOOL>&quot;SAW&quot;</TOOL>
       <Z2>3.00000</Z2>
       <THICK>3.00000</THICK>
       <MACHPARAM></MACHPARAM>
       <OPDIM>1</OPDIM>
      </Draw>
      <Draw>
       <FUNCTNAME>LINE</FUNCTNAME>
       <SIDE>3</SIDE>
       <X>44.00000</X>
       <Y>6.50000</Y>
       <LENGTH>286.00000</LENGTH>
       <WIDTH>6.50000</WIDTH>
       <LW>1</LW>
       <OPTYPE>1</OPTYPE>
       <ID>&quot;6&quot;</ID>
       <SEQ>1</SEQ>
       <OPSIDE>2</OPSIDE>
       <TOOL>&quot;SAW&quot;</TOOL>
       <Z2>2.00000</Z2>
       <THICK>3.00000</THICK>
       <MACHPARAM></MACHPARAM>
       <OPDIM>1</OPDIM>
      </Draw>
      <Draw>
       <FUNCTNAME>LINE</FUNCTNAME>
       <SIDE>5</SIDE>
       <X>26.79449</X>
       <Y>581.50000</Y>
       <LENGTH>1173.20551</LENGTH>
       <WIDTH>581.50000</WIDTH>
       <LW>1</LW>
       <OPTYPE>1</OPTYPE>
       <ID>&quot;7&quot;</ID>
       <SEQ>1</SEQ>
       <OPSIDE>2</OPSIDE>
       <TOOL>&quot;SAW&quot;</TOOL>
       <Z2>5.00000</Z2>
       <THICK>7.00000</THICK>
       <MACHPARAM></MACHPARAM>
       <OPDIM>1</OPDIM>
      </Draw>
      <Draw>
       <FUNCTNAME>LINE</FUNCTNAME>
       <SIDE>5</SIDE>
       <X>1163.00000</X>
       <Y>67.05872</Y>
       <LENGTH>1163.00000</LENGTH>
       <WIDTH>450.00000</WIDTH>
       <LW>1</LW>
       <OPTYPE>1</OPTYPE>
       <ID>&quot;8&quot;</ID>
       <SEQ>1</SEQ>
       <OPSIDE>2</OPSIDE>
       <TOOL>&quot;SAW&quot;</TOOL>
       <Z2>3.00000</Z2>
       <THICK>14.00000</THICK>
       <MACHPARAM></MACHPARAM>
       <OPDIM>1</OPDIM>
      </Draw>
      <Draw>
       <FUNCTNAME>LINE</FUNCTNAME>
       <SIDE>5</SIDE>
       <X>107.05872</X>
       <Y>80.00000</Y>
       <LENGTH>1082.94128</LENGTH>
       <WIDTH>80.00000</WIDTH>
       <LW>1</LW>
       <OPTYPE>1</OPTYPE>
       <ID>&quot;9&quot;</ID>
       <SEQ>1</SEQ>
       <OPSIDE>2</OPSIDE>
       <TOOL>&quot;SAW&quot;</TOOL>
       <Z2>3.00000</Z2>
       <THICK>20.00000</THICK>
       <MACHPARAM></MACHPARAM>
       <OPDIM>1</OPDIM>
      </Draw>
      <Draw>
       <FUNCTNAME>LINE</FUNCTNAME>
       <SIDE>5</SIDE>
       <X>60.00000</X>
       <Y>528.20551</Y>
       <LENGTH>60.00000</LENGTH>
       <WIDTH>121.79449</WIDTH>
       <LW>1</LW>
       <OPTYPE>1</OPTYPE>
       <ID>&quot;10&quot;</ID>
       <SEQ>1</SEQ>
       <OPSIDE>2</OPSIDE>
       <TOOL>&quot;SAW&quot;</TOOL>
       <Z2>5.00000</Z2>
       <THICK>20.00000</THICK>
       <MACHPARAM></MACHPARAM>
       <OPDIM>1</OPDIM>
      </Draw>
      <Draw>
       <FUNCTNAME>LINE</FUNCTNAME>
       <SIDE>0</SIDE>
       <X>845.00000</X>
       <Y>205.00000</Y>
       <LENGTH>385.00000</LENGTH>
       <WIDTH>435.00000</WIDTH>
       <LW>1</LW>
       <OPTYPE>1</OPTYPE>
       <ID>&quot;11&quot;</ID>
       <SEQ>1</SEQ>
       <OPSIDE>2</OPSIDE>
       <TOOL>&quot;SAW&quot;</TOOL>
       <Z2>1.00000</Z2>
       <THICK>32.00000</THICK>
       <MACHPARAM></MACHPARAM>
       <OPDIM>1</OPDIM>
      </Draw>
      <Draw>
       <FUNCTNAME>LINE</FUNCTNAME>
       <SIDE>1</SIDE>
       <X>1170.05013</X>
       <Y>5.00000</Y>
       <LENGTH>959.94987</LENGTH>
       <WIDTH>5.00000</WIDTH>
       <LW>1</LW>
       <OPTYPE>1</OPTYPE>
       <ID>&quot;12&quot;</ID>
       <SEQ>1</SEQ>
       <OPSIDE>2</OPSIDE>
       <TOOL>&quot;SAW&quot;</TOOL>
       <Z2>1.00000</Z2>
       <THICK>3.00000</THICK>
       <MACHPARAM></MACHPARAM>
       <OPDIM>1</OPDIM>
      </Draw>
      <Draw>
       <FUNCTNAME>LINE</FUNCTNAME>
       <SIDE>1</SIDE>
       <X>290.05013</X>
       <Y>13.00000</Y>
       <LENGTH>69.94987</LENGTH>
       <WIDTH>13.00000</WIDTH>
       <LW>1</LW>
       <OPTYPE>1</OPTYPE>
       <ID>&quot;13&quot;</ID>
       <SEQ>1</SEQ>
       <OPSIDE>2</OPSIDE>
       <TOOL>&quot;SAW&quot;</TOOL>
       <Z2>1.00000</Z2>
       <THICK>3.00000</THICK>
       <MACHPARAM></MACHPARAM>
       <OPDIM>1</OPDIM>
      </Draw>
      <Draw>
       <FUNCTNAME>LINE</FUNCTNAME>
       <SIDE>0</SIDE>
       <X>37.00000</X>
       <Y>67.05872</Y>
       <LENGTH>37.00000</LENGTH>
       <WIDTH>450.00000</WIDTH>
       <LW>1</LW>
       <OPTYPE>1</OPTYPE>
       <ID>&quot;14&quot;</ID>
       <SEQ>1</SEQ>
       <OPSIDE>2</OPSIDE>
       <TOOL>&quot;SAW&quot;</TOOL>
       <Z2>3.00000</Z2>
       <THICK>14.00000</THICK>
       <MACHPARAM></MACHPARAM>
       <OPDIM>1</OPDIM>
      </Draw>
      <Draw>
       <FUNCTNAME>LINE</FUNCTNAME>
       <SIDE>0</SIDE>
       <X>1140.00000</X>
       <Y>528.20551</Y>
       <LENGTH>1140.00000</LENGTH>
       <WIDTH>121.79449</WIDTH>
       <LW>1</LW>
       <OPTYPE>1</OPTYPE>
       <ID>&quot;15&quot;</ID>
       <SEQ>1</SEQ>
       <OPSIDE>2</OPSIDE>
       <TOOL>&quot;SAW&quot;</TOOL>
       <Z2>5.00000</Z2>
       <THICK>20.00000</THICK>
       <MACHPARAM></MACHPARAM>
       <OPDIM>1</OPDIM>
      </Draw>
      <Draw>
       <FUNCTNAME>LINE</FUNCTNAME>
       <SIDE>0</SIDE>
       <X>1092.94128</X>
       <Y>80.00000</Y>
       <LENGTH>117.05872</LENGTH>
       <WIDTH>80.00000</WIDTH>
       <LW>1</LW>
       <OPTYPE>1</OPTYPE>
       <ID>&quot;16&quot;</ID>
       <SEQ>1</SEQ>
       <OPSIDE>2</OPSIDE>
       <TOOL>&quot;SAW&quot;</TOOL>
       <Z2>3.00000</Z2>
       <THICK>20.00000</THICK>
       <MACHPARAM></MACHPARAM>
       <OPDIM>1</OPDIM>
      </Draw>
      <Draw>
       <FUNCTNAME>LINE</FUNCTNAME>
       <SIDE>0</SIDE>
       <X>26.79449</X>
       <Y>581.50000</Y>
       <LENGTH>1173.20551</LENGTH>
       <WIDTH>581.50000</WIDTH>
       <LW>1</LW>
       <OPTYPE>1</OPTYPE>
       <ID>&quot;17&quot;</ID>
       <SEQ>1</SEQ>
       <OPSIDE>2</OPSIDE>
       <TOOL>&quot;SAW&quot;</TOOL>
       <Z2>5.00000</Z2>
       <THICK>7.00000</THICK>
       <MACHPARAM></MACHPARAM>
       <OPDIM>1</OPDIM>
      </Draw>
     </PartDraw>
     <PartDrawO>210</PartDrawO>
    </Part>
    <Part Key="2">
     <PartMat>18 BRANCO</PartMat>
     <PartD>1</PartD>
     <PartQty>1</PartQty>
     <PartRef>LADO ESQ</PartRef>
     <PartCNCOriginMain>LeftWork</PartCNCOriginMain>
     <PartCNCOriginSecond>LeftWork</PartCNCOriginSecond>
     <PartL>664.00000</PartL>
     <PartW>570.00000</PartW>
     <PartLMin>664.00000</PartLMin>
     <PartWMin>570.00000</PartWMin>
     <PartRemark3>FURACAO / CORTE / CAIXA / CNC</PartRemark3>
     <PartExt01>    LADO ESQ</PartExt01>
     <PartExt02>LADO ESQ_416_A</PartExt02>
     <PartExt03>18.0 BRANCO</PartExt03>
     <PartExt08>TopXMLToScx</PartExt08>
     <PartExt09>664</PartExt09>
     <PartExt10>570</PartExt10>
     <PartExt11>664</PartExt11>
     <PartExt12>570</PartExt12>
     <PartExt13>18.00</PartExt13>
     <PartDraw>
      <Draw>
       <FUNCTNAME>DRILL</FUNCTNAME>
       <SIDE>2</SIDE>
       <X>93.00000</X>
       <Y>9.00000</Y>
       <RADIUS>4.00000</RADIUS>
       <Z2>22.00000</Z2>
       <TOOL>&quot;DRILL&quot;</TOOL>
       <MACHPARAM>MACHPROCESS=&quot; &quot;</MACHPARAM>
       <OPDIM>1</OPDIM>
       <OPSIDE>2</OPSIDE>
      </Draw>
      <Draw>
       <FUNCTNAME>DRILL</FUNCTNAME>
       <SIDE>2</SIDE>
       <X>285.00000</X>
       <Y>9.00000</Y>
       <RADIUS>4.00000</RADIUS>
       <Z2>22.00000</Z2>
       <TOOL>&quot;DRILL&quot;</TOOL>
       <MACHPARAM>MACHPROCESS=&quot; &quot;</MACHPARAM>
       <OPDIM>1</OPDIM>
       <OPSIDE>2</OPSIDE>
      </Draw>
      <Draw>
       <FUNCTNAME>DRILL</FUNCTNAME>
       <SIDE>2</SIDE>
       <X>477.00000</X>
       <Y>9.00000</Y>
       <RADIUS>4.00000</RADIUS>
       <Z2>22.00000</Z2>
       <TOOL>&quot;DRILL&quot;</TOOL>
       <MACHPARAM>MACHPROCESS=&quot; &quot;</MACHPARAM>
       <OPDIM>1</OPDIM>
       <OPSIDE>2</OPSIDE>
      </Draw>
      <Draw>
       <FUNCTNAME>DRILL</FUNCTNAME>
       <SIDE>0</SIDE>
       <X>640.00000</X>
       <Y>525.00000</Y>
       <RADIUS>7.50000</RADIUS>
       <Z2>15.00000</Z2>
       <TOOL>&quot;DRILL&quot;</TOOL>
       <MACHPARAM>MACHPROCESS=&quot; &quot;</MACHPARAM>
       <OPDIM>1</OPDIM>
       <OPSIDE>2</OPSIDE>
      </Draw>
      <Draw>
       <FUNCTNAME>DRILL</FUNCTNAME>
       <SIDE>0</SIDE>
       <X>640.00000</X>
       <Y>45.00000</Y>
       <RADIUS>7.50000</RADIUS>
       <Z2>15.00000</Z2>
       <TOOL>&quot;DRILL&quot;</TOOL>
       <MACHPARAM>MACHPROCESS=&quot; &quot;</MACHPARAM>
       <OPDIM>1</OPDIM>
       <OPSIDE>2</OPSIDE>
      </Draw>
      <Draw>
       <FUNCTNAME>DRILL</FUNCTNAME>
       <SIDE>2</SIDE>
       <X>45.00000</X>
       <Y>9.00000</Y>
       <RADIUS>4.00000</RADIUS>
       <Z2>24.00000</Z2>
       <TOOL>&quot;DRILL&quot;</TOOL>
       <MACHPARAM>MACHPROCESS=&quot; &quot;</MACHPARAM>
       <OPDIM>1</OPDIM>
       <OPSIDE>2</OPSIDE>
      </Draw>
      <Draw>
       <FUNCTNAME>DRILL</FUNCTNAME>
       <SIDE>2</SIDE>
       <X>525.00000</X>
       <Y>9.00000</Y>
       <RADIUS>4.00000</RADIUS>
       <Z2>24.00000</Z2>
       <TOOL>&quot;DRILL&quot;</TOOL>
       <MACHPARAM>MACHPROCESS=&quot; &quot;</MACHPARAM>
       <OPDIM>1</OPDIM>
       <OPSIDE>2</OPSIDE>
      </Draw>
      <Draw>
       <FUNCTNAME>DRILL</FUNCTNAME>
       <SIDE>4</SIDE>
       <X>477.00000</X>
       <Y>9.00000</Y>
       <RADIUS>4.00000</RADIUS>
       <Z2>22.00000</Z2>
       <TOOL>&quot;DRILL&quot;</TOOL>
       <MACHPARAM>MACHPROCESS=&quot; &quot;</MACHPARAM>
       <OPDIM>1</OPDIM>
       <OPSIDE>2</OPSIDE>
      </Draw>
      <Draw>
       <FUNCTNAME>DRILL</FUNCTNAME>
       <SIDE>4</SIDE>
       <X>285.00000</X>
       <Y>9.00000</Y>
       <RADIUS>4.00000</RADIUS>
       <Z2>22.00000</Z2>
       <TOOL>&quot;DRILL&quot;</TOOL>
       <MACHPARAM>MACHPROCESS=&quot; &quot;</MACHPARAM>
       <OPDIM>1</OPDIM>
       <OPSIDE>2</OPSIDE>
      </Draw>
      <Draw>
       <FUNCTNAME>DRILL</FUNCTNAME>
       <SIDE>4</SIDE>
       <X>93.00000</X>
       <Y>9.00000</Y>
       <RADIUS>4.00000</RADIUS>
       <Z2>22.00000</Z2>
       <TOOL>&quot;DRILL&quot;</TOOL>
       <MACHPARAM>MACHPROCESS=&quot; &quot;</MACHPARAM>
       <OPDIM>1</OPDIM>
       <OPSIDE>2</OPSIDE>
      </Draw>
      <Draw>
       <FUNCTNAME>DRILL</FUNCTNAME>
       <SIDE>0</SIDE>
       <X>24.00000</X>
       <Y>525.00000</Y>
       <RADIUS>7.50000</RADIUS>
       <Z2>15.00000</Z2>
       <TOOL>&quot;DRILL&quot;</TOOL>
       <MACHPARAM>MACHPROCESS=&quot; &quot;</MACHPARAM>
       <OPDIM>1</OPDIM>
       <OPSIDE>2</OPSIDE>
      </Draw>
      <Draw>
       <FUNCTNAME>DRILL</FUNCTNAME>
       <SIDE>0</SIDE>
       <X>24.00000</X>
       <Y>45.00000</Y>
       <RADIUS>7.50000</RADIUS>
       <Z2>15.00000</Z2>
       <TOOL>&quot;DRILL&quot;</TOOL>
       <MACHPARAM>MACHPROCESS=&quot; &quot;</MACHPARAM>
       <OPDIM>1</OPDIM>
       <OPSIDE>2</OPSIDE>
      </Draw>
      <Draw>
       <FUNCTNAME>DRILL</FUNCTNAME>
       <SIDE>4</SIDE>
       <X>525.00000</X>
       <Y>9.00000</Y>
       <RADIUS>4.00000</RADIUS>
       <Z2>24.00000</Z2>
       <TOOL>&quot;DRILL&quot;</TOOL>
       <MACHPARAM>MACHPROCESS=&quot; &quot;</MACHPARAM>
       <OPDIM>1</OPDIM>
       <OPSIDE>2</OPSIDE>
      </Draw>
      <Draw>
       <FUNCTNAME>DRILL</FUNCTNAME>
       <SIDE>4</SIDE>
       <X>45.00000</X>
       <Y>9.00000</Y>
       <RADIUS>4.00000</RADIUS>
       <Z2>24.00000</Z2>
       <TOOL>&quot;DRILL&quot;</TOOL>
       <MACHPARAM>MACHPROCESS=&quot; &quot;</MACHPARAM>
       <OPDIM>1</OPDIM>
       <OPSIDE>2</OPSIDE>
      </Draw>
      <Draw>
       <FUNCTNAME>LINE</FUNCTNAME>
       <SIDE>0</SIDE>
       <X>0.00000</X>
       <Y>555.00000</Y>
       <LENGTH>664.00000</LENGTH>
       <WIDTH>555.00000</WIDTH>
       <LW>1</LW>
       <OPTYPE>1</OPTYPE>
       <ID>&quot;1&quot;</ID>
       <SEQ>1</SEQ>
       <OPSIDE>2</OPSIDE>
       <TOOL>&quot;SAW&quot;</TOOL>
       <Z2>6.00000</Z2>
       <THICK>10.00000</THICK>
       <MACHPARAM></MACHPARAM>
       <OPDIM>1</OPDIM>
      </Draw>
     </PartDraw>
     <PartDrawO>000</PartDrawO>
    </Part>
    <Part Key="3">
     <PartMat>18 BRANCO</PartMat>
     <PartD>1</PartD>
     <PartQty>1</PartQty>
     <PartRef>LADO DIR</PartRef>
     <PartCNCOriginMain>LeftWork</PartCNCOriginMain>
     <PartCNCOriginSecond>LeftWork</PartCNCOriginSecond>
     <PartL>664.00000</PartL>
     <PartW>570.00000</PartW>
     <PartLMin>664.00000</PartLMin>
     <PartWMin>570.00000</PartWMin>
     <PartRemark3>FURACAO / CORTE / CAIXA / CNC</PartRemark3>
     <PartExt01>    LADO DIR</PartExt01>
     <PartExt02>LADO DIR_443_A</PartExt02>
     <PartExt03>18.0 BRANCO</PartExt03>
     <PartExt08>TopXMLToScx</PartExt08>
     <PartExt09>664</PartExt09>
     <PartExt10>570</PartExt10>
     <PartExt11>664</PartExt11>
     <PartExt12>570</PartExt12>
     <PartExt13>18.00</PartExt13>
     <PartDraw>
      <Draw>
       <FUNCTNAME>DRILL</FUNCTNAME>
       <SIDE>4</SIDE>
       <X>477.00000</X>
       <Y>9.00000</Y>
       <RADIUS>4.00000</RADIUS>
       <Z2>22.00000</Z2>
       <TOOL>&quot;DRILL&quot;</TOOL>
       <MACHPARAM>MACHPROCESS=&quot; &quot;</MACHPARAM>
       <OPDIM>1</OPDIM>
       <OPSIDE>2</OPSIDE>
      </Draw>
      <Draw>
       <FUNCTNAME>DRILL</FUNCTNAME>
       <SIDE>4</SIDE>
       <X>285.00000</X>
       <Y>9.00000</Y>
       <RADIUS>4.00000</RADIUS>
       <Z2>22.00000</Z2>
       <TOOL>&quot;DRILL&quot;</TOOL>
       <MACHPARAM>MACHPROCESS=&quot; &quot;</MACHPARAM>
       <OPDIM>1</OPDIM>
       <OPSIDE>2</OPSIDE>
      </Draw>
      <Draw>
       <FUNCTNAME>DRILL</FUNCTNAME>
       <SIDE>4</SIDE>
       <X>93.00000</X>
       <Y>9.00000</Y>
       <RADIUS>4.00000</RADIUS>
       <Z2>22.00000</Z2>
       <TOOL>&quot;DRILL&quot;</TOOL>
       <MACHPARAM>MACHPROCESS=&quot; &quot;</MACHPARAM>
       <OPDIM>1</OPDIM>
       <OPSIDE>2</OPSIDE>
      </Draw>
      <Draw>
       <FUNCTNAME>DRILL</FUNCTNAME>
       <SIDE>0</SIDE>
       <X>24.00000</X>
       <Y>525.00000</Y>
       <RADIUS>7.50000</RADIUS>
       <Z2>15.00000</Z2>
       <TOOL>&quot;DRILL&quot;</TOOL>
       <MACHPARAM>MACHPROCESS=&quot; &quot;</MACHPARAM>
       <OPDIM>1</OPDIM>
       <OPSIDE>2</OPSIDE>
      </Draw>
      <Draw>
       <FUNCTNAME>DRILL</FUNCTNAME>
       <SIDE>0</SIDE>
       <X>24.00000</X>
       <Y>45.00000</Y>
       <RADIUS>7.50000</RADIUS>
       <Z2>15.00000</Z2>
       <TOOL>&quot;DRILL&quot;</TOOL>
       <MACHPARAM>MACHPROCESS=&quot; &quot;</MACHPARAM>
       <OPDIM>1</OPDIM>
       <OPSIDE>2</OPSIDE>
      </Draw>
      <Draw>
       <FUNCTNAME>DRILL</FUNCTNAME>
       <SIDE>4</SIDE>
       <X>525.00000</X>
       <Y>9.00000</Y>
       <RADIUS>4.00000</RADIUS>
       <Z2>24.00000</Z2>
       <TOOL>&quot;DRILL&quot;</TOOL>
       <MACHPARAM>MACHPROCESS=&quot; &quot;</MACHPARAM>
       <OPDIM>1</OPDIM>
       <OPSIDE>2</OPSIDE>
      </Draw>
      <Draw>
       <FUNCTNAME>DRILL</FUNCTNAME>
       <SIDE>4</SIDE>
       <X>45.00000</X>
       <Y>9.00000</Y>
       <RADIUS>4.00000</RADIUS>
       <Z2>24.00000</Z2>
       <TOOL>&quot;DRILL&quot;</TOOL>
       <MACHPARAM>MACHPROCESS=&quot; &quot;</MACHPARAM>
       <OPDIM>1</OPDIM>
       <OPSIDE>2</OPSIDE>
      </Draw>
      <Draw>
       <FUNCTNAME>DRILL</FUNCTNAME>
       <SIDE>2</SIDE>
       <X>93.00000</X>
       <Y>9.00000</Y>
       <RADIUS>4.00000</RADIUS>
       <Z2>22.00000</Z2>
       <TOOL>&quot;DRILL&quot;</TOOL>
       <MACHPARAM>MACHPROCESS=&quot; &quot;</MACHPARAM>
       <OPDIM>1</OPDIM>
       <OPSIDE>2</OPSIDE>
      </Draw>
      <Draw>
       <FUNCTNAME>DRILL</FUNCTNAME>
       <SIDE>2</SIDE>
       <X>285.00000</X>
       <Y>9.00000</Y>
       <RADIUS>4.00000</RADIUS>
       <Z2>22.00000</Z2>
       <TOOL>&quot;DRILL&quot;</TOOL>
       <MACHPARAM>MACHPROCESS=&quot; &quot;</MACHPARAM>
       <OPDIM>1</OPDIM>
       <OPSIDE>2</OPSIDE>
      </Draw>
      <Draw>
       <FUNCTNAME>DRILL</FUNCTNAME>
       <SIDE>2</SIDE>
       <X>477.00000</X>
       <Y>9.00000</Y>
       <RADIUS>4.00000</RADIUS>
       <Z2>22.00000</Z2>
       <TOOL>&quot;DRILL&quot;</TOOL>
       <MACHPARAM>MACHPROCESS=&quot; &quot;</MACHPARAM>
       <OPDIM>1</OPDIM>
       <OPSIDE>2</OPSIDE>
      </Draw>
      <Draw>
       <FUNCTNAME>DRILL</FUNCTNAME>
       <SIDE>0</SIDE>
       <X>640.00000</X>
       <Y>525.00000</Y>
       <RADIUS>7.50000</RADIUS>
       <Z2>15.00000</Z2>
       <TOOL>&quot;DRILL&quot;</TOOL>
       <MACHPARAM>MACHPROCESS=&quot; &quot;</MACHPARAM>
       <OPDIM>1</OPDIM>
       <OPSIDE>2</OPSIDE>
      </Draw>
      <Draw>
       <FUNCTNAME>DRILL</FUNCTNAME>
       <SIDE>0</SIDE>
       <X>640.00000</X>
       <Y>45.00000</Y>
       <RADIUS>7.50000</RADIUS>
       <Z2>15.00000</Z2>
       <TOOL>&quot;DRILL&quot;</TOOL>
       <MACHPARAM>MACHPROCESS=&quot; &quot;</MACHPARAM>
       <OPDIM>1</OPDIM>
       <OPSIDE>2</OPSIDE>
      </Draw>
      <Draw>
       <FUNCTNAME>DRILL</FUNCTNAME>
       <SIDE>2</SIDE>
       <X>45.00000</X>
       <Y>9.00000</Y>
       <RADIUS>4.00000</RADIUS>
       <Z2>24.00000</Z2>
       <TOOL>&quot;DRILL&quot;</TOOL>
       <MACHPARAM>MACHPROCESS=&quot; &quot;</MACHPARAM>
       <OPDIM>1</OPDIM>
       <OPSIDE>2</OPSIDE>
      </Draw>
      <Draw>
       <FUNCTNAME>DRILL</FUNCTNAME>
       <SIDE>2</SIDE>
       <X>525.00000</X>
       <Y>9.00000</Y>
       <RADIUS>4.00000</RADIUS>
       <Z2>24.00000</Z2>
       <TOOL>&quot;DRILL&quot;</TOOL>
       <MACHPARAM>MACHPROCESS=&quot; &quot;</MACHPARAM>
       <OPDIM>1</OPDIM>
       <OPSIDE>2</OPSIDE>
      </Draw>
      <Draw>
       <FUNCTNAME>LINE</FUNCTNAME>
       <SIDE>0</SIDE>
       <X>0.00000</X>
       <Y>555.00000</Y>
       <LENGTH>664.00000</LENGTH>
       <WIDTH>555.00000</WIDTH>
       <LW>1</LW>
       <OPTYPE>1</OPTYPE>
       <ID>&quot;1&quot;</ID>
       <SEQ>1</SEQ>
       <OPSIDE>2</OPSIDE>
       <TOOL>&quot;SAW&quot;</TOOL>
       <Z2>6.00000</Z2>
       <THICK>10.00000</THICK>
       <MACHPARAM></MACHPARAM>
       <OPDIM>1</OPDIM>
      </Draw>
     </PartDraw>
     <PartDrawO>000</PartDrawO>
    </Part>
    <Part Key="4">
     <PartMat>18 BRANCO</PartMat>
     <PartD>1</PartD>
     <PartQty>1</PartQty>
     <PartRef>BASE</PartRef>
     <PartCNCOriginMain>LeftWork</PartCNCOriginMain>
     <PartCNCOriginSecond>LeftWork</PartCNCOriginSecond>
     <PartL>1200.00000</PartL>
     <PartW>570.00000</PartW>
     <PartLMin>1200.00000</PartLMin>
     <PartWMin>570.00000</PartWMin>
     <PartRemark3>FURACAO / CORTE / CAIXA / CNC</PartRemark3>
     <PartExt01>    BASE</PartExt01>
     <PartExt02>BASE_366_A</PartExt02>
     <PartExt03>18.0 BRANCO</PartExt03>
     <PartExt08>TopXMLToScx</PartExt08>
     <PartExt09>1200</PartExt09>
     <PartExt10>570</PartExt10>
     <PartExt11>1200</PartExt11>
     <PartExt12>570</PartExt12>
     <PartExt13>18.00</PartExt13>
     <PartDraw>
      <Draw>
       <FUNCTNAME>ARC</FUNCTNAME>
       <SIDE>0</SIDE>
       <X>443.83658</X>
       <Y>570.00000</Y>
       <LENGTH>771.16342</LENGTH>
       <WIDTH>570.00000</WIDTH>
       <PartDrawXStart>607.50000</PartDrawXStart>
       <PartDrawYStart>812.85714</PartDrawYStart>
       <RADIUS>292.85714</RADIUS>
       <PartDrawDir>1</PartDrawDir>
       <LW>1</LW>
       <ID>&quot;1&quot;</ID>
       <SEQ>1</SEQ>
       <OPTYPE>1</OPTYPE>
       <OPSIDE>0</OPSIDE>
       <TOOL>&quot;MILL&quot;</TOOL>
       <Z2>18.00000</Z2>
       <MACHPARAM>F=&quot;CALIB&quot;</MACHPARAM>
       <OPDIM>1</OPDIM>
      </Draw>
      <Draw>
       <FUNCTNAME>LINE</FUNCTNAME>
       <SIDE>0</SIDE>
       <X>1200.00000</X>
       <Y>20.00000</Y>
       <LENGTH>1100.00000</LENGTH>
       <WIDTH>0.00000</WIDTH>
       <LW>1</LW>
       <ID>&quot;2&quot;</ID>
       <SEQ>1</SEQ>
       <OPTYPE>1</OPTYPE>
       <OPSIDE>0</OPSIDE>
       <TOOL>&quot;MILL&quot;</TOOL>
       <Z2>18.00000</Z2>
       <MACHPARAM>F=&quot;CALIB&quot;</MACHPARAM>
       <OPDIM>1</OPDIM>
      </Draw>
      <Draw>
       <FUNCTNAME>LINE</FUNCTNAME>
       <SIDE>0</SIDE>
       <X>870.00000</X>
       <Y>0.00000</Y>
       <LENGTH>870.00000</LENGTH>
       <WIDTH>50.00000</WIDTH>
       <LW>1</LW>
       <ID>&quot;3&quot;</ID>
       <SEQ>1</SEQ>
       <OPTYPE>1</OPTYPE>
       <OPSIDE>0</OPSIDE>
       <TOOL>&quot;MILL&quot;</TOOL>
       <Z2>18.00000</Z2>
       <MACHPARAM>F=&quot;CALIB&quot;</MACHPARAM>
       <OPDIM>1</OPDIM>
      </Draw>
      <Draw>
       <FUNCTNAME>LINE</FUNCTNAME>
       <SIDE>0</SIDE>
       <X>870.00000</X>
       <Y>50.00000</Y>
       <LENGTH>770.00000</LENGTH>
       <WIDTH>50.00000</WIDTH>
       <LW>1</LW>
       <ID>&quot;3&quot;</ID>
       <SEQ>2</SEQ>
       <OPTYPE>1</OPTYPE>
       <OPSIDE>0</OPSIDE>
       <TOOL>&quot;MILL&quot;</TOOL>
       <Z2>18.00000</Z2>
       <MACHPARAM>F=&quot;CALIB&quot;</MACHPARAM>
       <OPDIM>1</OPDIM>
      </Draw>
      <Draw>
       <FUNCTNAME>LINE</FUNCTNAME>
       <SIDE>0</SIDE>
       <X>770.00000</X>
       <Y>50.00000</Y>
       <LENGTH>770.00000</LENGTH>
       <WIDTH>0.00000</WIDTH>
       <LW>1</LW>
       <ID>&quot;3&quot;</ID>
       <SEQ>3</SEQ>
       <OPTYPE>1</OPTYPE>
       <OPSIDE>0</OPSIDE>
       <TOOL>&quot;MILL&quot;</TOOL>
       <Z2>18.00000</Z2>
       <MACHPARAM>F=&quot;CALIB&quot;</MACHPARAM>
       <OPDIM>1</OPDIM>
      </Draw>
      <Draw>
       <FUNCTNAME>LINE</FUNCTNAME>
       <SIDE>0</SIDE>
       <X>690.00000</X>
       <Y>0.00000</Y>
       <LENGTH>690.00000</LENGTH>
       <WIDTH>42.50000</WIDTH>
       <LW>1</LW>
       <ID>&quot;4&quot;</ID>
       <SEQ>1</SEQ>
       <OPTYPE>1</OPTYPE>
       <OPSIDE>0</OPSIDE>
       <TOOL>&quot;MILL&quot;</TOOL>
       <Z2>18.00000</Z2>
       <MACHPARAM>F=&quot;CALIB&quot;</MACHPARAM>
       <OPDIM>1</OPDIM>
      </Draw>
      <Draw>
       <FUNCTNAME>LINE</FUNCTNAME>
       <SIDE>0</SIDE>
       <X>690.00000</X>
       <Y>42.50000</Y>
       <LENGTH>630.00000</LENGTH>
       <WIDTH>42.50000</WIDTH>
       <LW>1</LW>
       <ID>&quot;4&quot;</ID>
       <SEQ>2</SEQ>
       <OPTYPE>1</OPTYPE>
       <OPSIDE>0</OPSIDE>
       <TOOL>&quot;MILL&quot;</TOOL>
       <Z2>18.00000</Z2>
       <MACHPARAM>F=&quot;CALIB&quot;</MACHPARAM>
       <OPDIM>1</OPDIM>
      </Draw>
      <Draw>
       <FUNCTNAME>LINE</FUNCTNAME>
       <SIDE>0</SIDE>
       <X>630.00000</X>
       <Y>42.50000</Y>
       <LENGTH>630.00000</LENGTH>
       <WIDTH>122.50000</WIDTH>
       <LW>1</LW>
       <ID>&quot;4&quot;</ID>
       <SEQ>3</SEQ>
       <OPTYPE>1</OPTYPE>
       <OPSIDE>0</OPSIDE>
       <TOOL>&quot;MILL&quot;</TOOL>
       <Z2>18.00000</Z2>
       <MACHPARAM>F=&quot;CALIB&quot;</MACHPARAM>
       <OPDIM>1</OPDIM>
      </Draw>
      <Draw>
       <FUNCTNAME>LINE</FUNCTNAME>
       <SIDE>0</SIDE>
       <X>630.00000</X>
       <Y>122.50000</Y>
       <LENGTH>530.00000</LENGTH>
       <WIDTH>122.50000</WIDTH>
       <LW>1</LW>
       <ID>&quot;4&quot;</ID>
       <SEQ>4</SEQ>
       <OPTYPE>1</OPTYPE>
       <OPSIDE>0</OPSIDE>
       <TOOL>&quot;MILL&quot;</TOOL>
       <Z2>18.00000</Z2>
       <MACHPARAM>F=&quot;CALIB&quot;</MACHPARAM>
       <OPDIM>1</OPDIM>
      </Draw>
      <Draw>
       <FUNCTNAME>LINE</FUNCTNAME>
       <SIDE>0</SIDE>
       <X>530.00000</X>
       <Y>122.50000</Y>
       <LENGTH>530.00000</LENGTH>
       <WIDTH>172.50000</WIDTH>
       <LW>1</LW>
       <ID>&quot;4&quot;</ID>
       <SEQ>5</SEQ>
       <OPTYPE>1</OPTYPE>
       <OPSIDE>0</OPSIDE>
       <TOOL>&quot;MILL&quot;</TOOL>
       <Z2>18.00000</Z2>
       <MACHPARAM>F=&quot;CALIB&quot;</MACHPARAM>
       <OPDIM>1</OPDIM>
      </Draw>
      <Draw>
       <FUNCTNAME>LINE</FUNCTNAME>
       <SIDE>0</SIDE>
       <X>530.00000</X>
       <Y>172.50000</Y>
       <LENGTH>430.00000</LENGTH>
       <WIDTH>172.50000</WIDTH>
       <LW>1</LW>
       <ID>&quot;4&quot;</ID>
       <SEQ>6</SEQ>
       <OPTYPE>1</OPTYPE>
       <OPSIDE>0</OPSIDE>
       <TOOL>&quot;MILL&quot;</TOOL>
       <Z2>18.00000</Z2>
       <MACHPARAM>F=&quot;CALIB&quot;</MACHPARAM>
       <OPDIM>1</OPDIM>
      </Draw>
      <Draw>
       <FUNCTNAME>LINE</FUNCTNAME>
       <SIDE>0</SIDE>
       <X>430.00000</X>
       <Y>172.50000</Y>
       <LENGTH>430.00000</LENGTH>
       <WIDTH>122.50000</WIDTH>
       <LW>1</LW>
       <ID>&quot;4&quot;</ID>
       <SEQ>7</SEQ>
       <OPTYPE>1</OPTYPE>
       <OPSIDE>0</OPSIDE>
       <TOOL>&quot;MILL&quot;</TOOL>
       <Z2>18.00000</Z2>
       <MACHPARAM>F=&quot;CALIB&quot;</MACHPARAM>
       <OPDIM>1</OPDIM>
      </Draw>
      <Draw>
       <FUNCTNAME>LINE</FUNCTNAME>
       <SIDE>0</SIDE>
       <X>430.00000</X>
       <Y>122.50000</Y>
       <LENGTH>380.00000</LENGTH>
       <WIDTH>122.50000</WIDTH>
       <LW>1</LW>
       <ID>&quot;4&quot;</ID>
       <SEQ>8</SEQ>
       <OPTYPE>1</OPTYPE>
       <OPSIDE>0</OPSIDE>
       <TOOL>&quot;MILL&quot;</TOOL>
       <Z2>18.00000</Z2>
       <MACHPARAM>F=&quot;CALIB&quot;</MACHPARAM>
       <OPDIM>1</OPDIM>
      </Draw>
      <Draw>
       <FUNCTNAME>LINE</FUNCTNAME>
       <SIDE>0</SIDE>
       <X>380.00000</X>
       <Y>122.50000</Y>
       <LENGTH>380.00000</LENGTH>
       <WIDTH>0.00000</WIDTH>
       <LW>1</LW>
       <ID>&quot;4&quot;</ID>
       <SEQ>9</SEQ>
       <OPTYPE>1</OPTYPE>
       <OPSIDE>0</OPSIDE>
       <TOOL>&quot;MILL&quot;</TOOL>
       <Z2>18.00000</Z2>
       <MACHPARAM>F=&quot;CALIB&quot;</MACHPARAM>
       <OPDIM>1</OPDIM>
      </Draw>
      <Draw>
       <FUNCTNAME>LINE</FUNCTNAME>
       <SIDE>0</SIDE>
       <X>300.00000</X>
       <Y>0.00000</Y>
       <LENGTH>300.00000</LENGTH>
       <WIDTH>100.00000</WIDTH>
       <LW>1</LW>
       <ID>&quot;5&quot;</ID>
       <SEQ>1</SEQ>
       <OPTYPE>1</OPTYPE>
       <OPSIDE>0</OPSIDE>
       <TOOL>&quot;MILL&quot;</TOOL>
       <Z2>18.00000</Z2>
       <MACHPARAM>F=&quot;CALIB&quot;</MACHPARAM>
       <OPDIM>1</OPDIM>
      </Draw>
      <Draw>
       <FUNCTNAME>LINE</FUNCTNAME>
       <SIDE>0</SIDE>
       <X>300.00000</X>
       <Y>100.00000</Y>
       <LENGTH>100.00000</LENGTH>
       <WIDTH>100.00000</WIDTH>
       <LW>1</LW>
       <ID>&quot;5&quot;</ID>
       <SEQ>2</SEQ>
       <OPTYPE>1</OPTYPE>
       <OPSIDE>0</OPSIDE>
       <TOOL>&quot;MILL&quot;</TOOL>
       <Z2>18.00000</Z2>
       <MACHPARAM>F=&quot;CALIB&quot;</MACHPARAM>
       <OPDIM>1</OPDIM>
      </Draw>
      <Draw>
       <FUNCTNAME>LINE</FUNCTNAME>
       <SIDE>0</SIDE>
       <X>100.00000</X>
       <Y>100.00000</Y>
       <LENGTH>100.00000</LENGTH>
       <WIDTH>0.00000</WIDTH>
       <LW>1</LW>
       <ID>&quot;5&quot;</ID>
       <SEQ>3</SEQ>
       <OPTYPE>1</OPTYPE>
       <OPSIDE>0</OPSIDE>
       <TOOL>&quot;MILL&quot;</TOOL>
       <Z2>18.00000</Z2>
       <MACHPARAM>F=&quot;CALIB&quot;</MACHPARAM>
       <OPDIM>1</OPDIM>
      </Draw>
      <Draw>
       <FUNCTNAME>DRILL</FUNCTNAME>
       <SIDE>0</SIDE>
       <X>9.00000</X>
       <Y>93.00000</Y>
       <RADIUS>4.00000</RADIUS>
       <Z2>10.00000</Z2>
       <TOOL>&quot;DRILL&quot;</TOOL>
       <MACHPARAM>MACHPROCESS=&quot; &quot;</MACHPARAM>
       <OPDIM>1</OPDIM>
       <OPSIDE>2</OPSIDE>
      </Draw>
      <Draw>
       <FUNCTNAME>DRILL</FUNCTNAME>
       <SIDE>0</SIDE>
       <X>9.00000</X>
       <Y>285.00000</Y>
       <RADIUS>4.00000</RADIUS>
       <Z2>10.00000</Z2>
       <TOOL>&quot;DRILL&quot;</TOOL>
       <MACHPARAM>MACHPROCESS=&quot; &quot;</MACHPARAM>
       <OPDIM>1</OPDIM>
       <OPSIDE>2</OPSIDE>
      </Draw>
      <Draw>
       <FUNCTNAME>DRILL</FUNCTNAME>
       <SIDE>0</SIDE>
       <X>9.00000</X>
       <Y>477.00000</Y>
       <RADIUS>4.00000</RADIUS>
       <Z2>10.00000</Z2>
       <TOOL>&quot;DRILL&quot;</TOOL>
       <MACHPARAM>MACHPROCESS=&quot; &quot;</MACHPARAM>
       <OPDIM>1</OPDIM>
       <OPSIDE>2</OPSIDE>
      </Draw>
      <Draw>
       <FUNCTNAME>DRILL</FUNCTNAME>
       <SIDE>0</SIDE>
       <X>9.00000</X>
       <Y>45.00000</Y>
       <RADIUS>5.00000</RADIUS>
       <Z2>10.00000</Z2>
       <TOOL>&quot;DRILL&quot;</TOOL>
       <MACHPARAM>MACHPROCESS=&quot; &quot;</MACHPARAM>
       <OPDIM>1</OPDIM>
       <OPSIDE>2</OPSIDE>
      </Draw>
      <Draw>
       <FUNCTNAME>DRILL</FUNCTNAME>
       <SIDE>0</SIDE>
       <X>9.00000</X>
       <Y>525.00000</Y>
       <RADIUS>5.00000</RADIUS>
       <Z2>10.00000</Z2>
       <TOOL>&quot;DRILL&quot;</TOOL>
       <MACHPARAM>MACHPROCESS=&quot; &quot;</MACHPARAM>
       <OPDIM>1</OPDIM>
       <OPSIDE>2</OPSIDE>
      </Draw>
      <Draw>
       <FUNCTNAME>DRILL</FUNCTNAME>
       <SIDE>0</SIDE>
       <X>1191.00000</X>
       <Y>93.00000</Y>
       <RADIUS>4.00000</RADIUS>
       <Z2>10.00000</Z2>
       <TOOL>&quot;DRILL&quot;</TOOL>
       <MACHPARAM>MACHPROCESS=&quot; &quot;</MACHPARAM>
       <OPDIM>1</OPDIM>
       <OPSIDE>2</OPSIDE>
      </Draw>
      <Draw>
       <FUNCTNAME>DRILL</FUNCTNAME>
       <SIDE>0</SIDE>
       <X>1191.00000</X>
       <Y>285.00000</Y>
       <RADIUS>4.00000</RADIUS>
       <Z2>10.00000</Z2>
       <TOOL>&quot;DRILL&quot;</TOOL>
       <MACHPARAM>MACHPROCESS=&quot; &quot;</MACHPARAM>
       <OPDIM>1</OPDIM>
       <OPSIDE>2</OPSIDE>
      </Draw>
      <Draw>
       <FUNCTNAME>DRILL</FUNCTNAME>
       <SIDE>0</SIDE>
       <X>1191.00000</X>
       <Y>477.00000</Y>
       <RADIUS>4.00000</RADIUS>
       <Z2>10.00000</Z2>
       <TOOL>&quot;DRILL&quot;</TOOL>
       <MACHPARAM>MACHPROCESS=&quot; &quot;</MACHPARAM>
       <OPDIM>1</OPDIM>
       <OPSIDE>2</OPSIDE>
      </Draw>
      <Draw>
       <FUNCTNAME>DRILL</FUNCTNAME>
       <SIDE>0</SIDE>
       <X>1191.00000</X>
       <Y>45.00000</Y>
       <RADIUS>5.00000</RADIUS>
       <Z2>10.00000</Z2>
       <TOOL>&quot;DRILL&quot;</TOOL>
       <MACHPARAM>MACHPROCESS=&quot; &quot;</MACHPARAM>
       <OPDIM>1</OPDIM>
       <OPSIDE>2</OPSIDE>
      </Draw>
      <Draw>
       <FUNCTNAME>DRILL</FUNCTNAME>
       <SIDE>0</SIDE>
       <X>1191.00000</X>
       <Y>525.00000</Y>
       <RADIUS>5.00000</RADIUS>
       <Z2>10.00000</Z2>
       <TOOL>&quot;DRILL&quot;</TOOL>
       <MACHPARAM>MACHPROCESS=&quot; &quot;</MACHPARAM>
       <OPDIM>1</OPDIM>
       <OPSIDE>2</OPSIDE>
      </Draw>
      <Draw>
       <FUNCTNAME>DRILL</FUNCTNAME>
       <SIDE>5</SIDE>
       <X>50.00000</X>
       <Y>30.00000</Y>
       <RADIUS>7.50000</RADIUS>
       <Z2>2.00000</Z2>
       <TOOL>&quot;DRILL&quot;</TOOL>
       <MACHPARAM>MACHPROCESS=&quot; &quot;</MACHPARAM>
       <OPDIM>1</OPDIM>
      </Draw>
      <Draw>
       <FUNCTNAME>DRILL</FUNCTNAME>
       <SIDE>5</SIDE>
       <X>82.00000</X>
       <Y>30.00000</Y>
       <RADIUS>7.50000</RADIUS>
       <Z2>2.00000</Z2>
       <TOOL>&quot;DRILL&quot;</TOOL>
       <MACHPARAM>MACHPROCESS=&quot; &quot;</MACHPARAM>
       <OPDIM>1</OPDIM>
      </Draw>
      <Draw>
       <FUNCTNAME>DRILL</FUNCTNAME>
       <SIDE>5</SIDE>
       <X>114.00000</X>
       <Y>30.00000</Y>
       <RADIUS>7.50000</RADIUS>
       <Z2>2.00000</Z2>
       <TOOL>&quot;DRILL&quot;</TOOL>
       <MACHPARAM>MACHPROCESS=&quot; &quot;</MACHPARAM>
       <OPDIM>1</OPDIM>
      </Draw>
      <Draw>
       <FUNCTNAME>DRILL</FUNCTNAME>
       <SIDE>5</SIDE>
       <X>146.00000</X>
       <Y>30.00000</Y>
       <RADIUS>7.50000</RADIUS>
       <Z2>2.00000</Z2>
       <TOOL>&quot;DRILL&quot;</TOOL>
       <MACHPARAM>MACHPROCESS=&quot; &quot;</MACHPARAM>
       <OPDIM>1</OPDIM>
      </Draw>
      <Draw>
       <FUNCTNAME>DRILL</FUNCTNAME>
       <SIDE>0</SIDE>
       <X>1054.00000</X>
       <Y>30.00000</Y>
       <RADIUS>7.50000</RADIUS>
       <Z2>2.00000</Z2>
       <TOOL>&quot;DRILL&quot;</TOOL>
       <MACHPARAM>MACHPROCESS=&quot; &quot;</MACHPARAM>
       <OPDIM>1</OPDIM>
       <OPSIDE>2</OPSIDE>
      </Draw>
      <Draw>
       <FUNCTNAME>DRILL</FUNCTNAME>
       <SIDE>0</SIDE>
       <X>1086.00000</X>
       <Y>30.00000</Y>
       <RADIUS>7.50000</RADIUS>
       <Z2>2.00000</Z2>
       <TOOL>&quot;DRILL&quot;</TOOL>
       <MACHPARAM>MACHPROCESS=&quot; &quot;</MACHPARAM>
       <OPDIM>1</OPDIM>
       <OPSIDE>2</OPSIDE>
      </Draw>
      <Draw>
       <FUNCTNAME>DRILL</FUNCTNAME>
       <SIDE>0</SIDE>
       <X>1118.00000</X>
       <Y>30.00000</Y>
       <RADIUS>7.50000</RADIUS>
       <Z2>2.00000</Z2>
       <TOOL>&quot;DRILL&quot;</TOOL>
       <MACHPARAM>MACHPROCESS=&quot; &quot;</MACHPARAM>
       <OPDIM>1</OPDIM>
       <OPSIDE>2</OPSIDE>
      </Draw>
      <Draw>
       <FUNCTNAME>DRILL</FUNCTNAME>
       <SIDE>0</SIDE>
       <X>1150.00000</X>
       <Y>30.00000</Y>
       <RADIUS>7.50000</RADIUS>
       <Z2>2.00000</Z2>
       <TOOL>&quot;DRILL&quot;</TOOL>
       <MACHPARAM>MACHPROCESS=&quot; &quot;</MACHPARAM>
       <OPDIM>1</OPDIM>
       <OPSIDE>2</OPSIDE>
      </Draw>
      <Draw>
       <FUNCTNAME>DRILL</FUNCTNAME>
       <SIDE>0</SIDE>
       <X>320.00000</X>
       <Y>20.00000</Y>
       <RADIUS>4.00000</RADIUS>
       <Z2>5.00000</Z2>
       <TOOL>&quot;DRILL&quot;</TOOL>
       <MACHPARAM>MACHPROCESS=&quot; &quot;</MACHPARAM>
       <OPDIM>1</OPDIM>
       <OPSIDE>2</OPSIDE>
      </Draw>
      <Draw>
       <FUNCTNAME>DRILL</FUNCTNAME>
       <SIDE>2</SIDE>
       <X>542.00000</X>
       <Y>9.00000</Y>
       <RADIUS>4.00000</RADIUS>
       <Z2>5.00000</Z2>
       <TOOL>&quot;DRILL&quot;</TOOL>
       <MACHPARAM>MACHPROCESS=&quot; &quot;</MACHPARAM>
       <OPDIM>1</OPDIM>
       <OPSIDE>2</OPSIDE>
      </Draw>
      <Draw>
       <FUNCTNAME>DRILL</FUNCTNAME>
       <SIDE>1</SIDE>
       <X>20.00000</X>
       <Y>9.00000</Y>
       <RADIUS>4.00000</RADIUS>
       <Z2>5.00000</Z2>
       <TOOL>&quot;DRILL&quot;</TOOL>
       <MACHPARAM>MACHPROCESS=&quot; &quot;</MACHPARAM>
       <OPDIM>1</OPDIM>
       <OPSIDE>2</OPSIDE>
      </Draw>
      <Draw>
       <FUNCTNAME>DRILL</FUNCTNAME>
       <SIDE>1</SIDE>
       <X>1180.00000</X>
       <Y>9.00000</Y>
       <RADIUS>5.00000</RADIUS>
       <Z2>22.00000</Z2>
       <TOOL>&quot;DRILL&quot;</TOOL>
       <MACHPARAM>MACHPROCESS=&quot; &quot;</MACHPARAM>
       <OPDIM>1</OPDIM>
       <OPSIDE>2</OPSIDE>
      </Draw>
      <Draw>
       <FUNCTNAME>DRILL</FUNCTNAME>
       <SIDE>4</SIDE>
       <X>550.00000</X>
       <Y>9.00000</Y>
       <RADIUS>5.00000</RADIUS>
       <Z2>22.00000</Z2>
       <TOOL>&quot;DRILL&quot;</TOOL>
       <MACHPARAM>MACHPROCESS=&quot; &quot;</MACHPARAM>
       <OPDIM>1</OPDIM>
       <OPSIDE>2</OPSIDE>
      </Draw>
      <Draw>
       <FUNCTNAME>DRILL</FUNCTNAME>
       <SIDE>3</SIDE>
       <X>340.00000</X>
       <Y>9.00000</Y>
       <RADIUS>4.00000</RADIUS>
       <Z2>22.00000</Z2>
       <TOOL>&quot;DRILL&quot;</TOOL>
       <MACHPARAM>MACHPROCESS=&quot; &quot;</MACHPARAM>
       <OPDIM>1</OPDIM>
       <OPSIDE>2</OPSIDE>
      </Draw>
      <Draw>
       <FUNCTNAME>LINE</FUNCTNAME>
       <SIDE>0</SIDE>
       <X>66.00000</X>
       <Y>28.75000</Y>
       <LENGTH>34.00000</LENGTH>
       <WIDTH>28.75000</WIDTH>
       <LW>1</LW>
       <OPTYPE>1</OPTYPE>
       <ID>&quot;6&quot;</ID>
       <SEQ>1</SEQ>
       <OPSIDE>2</OPSIDE>
       <TOOL>&quot;SAW&quot;</TOOL>
       <Z2>2.00000</Z2>
       <THICK>17.50000</THICK>
       <MACHPARAM></MACHPARAM>
       <OPDIM>1</OPDIM>
      </Draw>
      <Draw>
       <FUNCTNAME>LINE</FUNCTNAME>
       <SIDE>0</SIDE>
       <X>86.75000</X>
       <Y>248.00000</Y>
       <LENGTH>86.75000</LENGTH>
       <WIDTH>100.00000</WIDTH>
       <LW>1</LW>
       <OPTYPE>1</OPTYPE>
       <ID>&quot;7&quot;</ID>
       <SEQ>1</SEQ>
       <OPSIDE>2</OPSIDE>
       <TOOL>&quot;SAW&quot;</TOOL>
       <Z2>3.00000</Z2>
       <THICK>13.50000</THICK>
       <MACHPARAM></MACHPARAM>
       <OPDIM>1</OPDIM>
      </Draw>
      <Draw>
       <FUNCTNAME>LINE</FUNCTNAME>
       <SIDE>5</SIDE>
       <X>0.00000</X>
       <Y>551.50000</Y>
       <LENGTH>428.83658</LENGTH>
       <WIDTH>551.50000</WIDTH>
       <LW>1</LW>
       <OPTYPE>1</OPTYPE>
       <ID>&quot;8&quot;</ID>
       <SEQ>1</SEQ>
       <OPSIDE>2</OPSIDE>
       <TOOL>&quot;SAW&quot;</TOOL>
       <Z2>2.00000</Z2>
       <THICK>7.00000</THICK>
       <MACHPARAM></MACHPARAM>
       <OPDIM>1</OPDIM>
      </Draw>
      <Draw>
       <FUNCTNAME>LINE</FUNCTNAME>
       <SIDE>5</SIDE>
       <X>756.16342</X>
       <Y>551.50000</Y>
       <LENGTH>1200.00000</LENGTH>
       <WIDTH>551.50000</WIDTH>
       <LW>1</LW>
       <OPTYPE>1</OPTYPE>
       <ID>&quot;9&quot;</ID>
       <SEQ>1</SEQ>
       <OPSIDE>2</OPSIDE>
       <TOOL>&quot;SAW&quot;</TOOL>
       <Z2>2.00000</Z2>
       <THICK>7.00000</THICK>
       <MACHPARAM></MACHPARAM>
       <OPDIM>1</OPDIM>
      </Draw>
      <Draw>
       <FUNCTNAME>LINE</FUNCTNAME>
       <SIDE>5</SIDE>
       <X>478.26018</X>
       <Y>307.32084</Y>
       <LENGTH>346.73982</LENGTH>
       <WIDTH>450.17916</WIDTH>
       <LW>1</LW>
       <OPTYPE>1</OPTYPE>
       <ID>&quot;10&quot;</ID>
       <SEQ>1</SEQ>
       <OPSIDE>2</OPSIDE>
       <TOOL>&quot;SAW&quot;</TOOL>
       <Z2>1.00000</Z2>
       <THICK>13.00000</THICK>
       <MACHPARAM></MACHPARAM>
       <OPDIM>1</OPDIM>
      </Draw>
      <Draw>
       <FUNCTNAME>LINE</FUNCTNAME>
       <SIDE>0</SIDE>
       <X>721.73982</X>
       <Y>307.32084</Y>
       <LENGTH>853.26018</LENGTH>
       <WIDTH>450.17916</WIDTH>
       <LW>1</LW>
       <OPTYPE>1</OPTYPE>
       <ID>&quot;11&quot;</ID>
       <SEQ>1</SEQ>
       <OPSIDE>2</OPSIDE>
       <TOOL>&quot;SAW&quot;</TOOL>
       <Z2>1.00000</Z2>
       <THICK>13.00000</THICK>
       <MACHPARAM></MACHPARAM>
       <OPDIM>1</OPDIM>
      </Draw>
      <Draw>
       <FUNCTNAME>LINE</FUNCTNAME>
       <SIDE>5</SIDE>
       <X>40.00000</X>
       <Y>430.94128</Y>
       <LENGTH>40.00000</LENGTH>
       <WIDTH>137.05872</WIDTH>
       <LW>1</LW>
       <OPTYPE>1</OPTYPE>
       <ID>&quot;12&quot;</ID>
       <SEQ>1</SEQ>
       <OPSIDE>2</OPSIDE>
       <TOOL>&quot;SAW&quot;</TOOL>
       <Z2>3.00000</Z2>
       <THICK>20.00000</THICK>
       <MACHPARAM></MACHPARAM>
       <OPDIM>1</OPDIM>
      </Draw>
      <Draw>
       <FUNCTNAME>LINE</FUNCTNAME>
       <SIDE>5</SIDE>
       <X>1140.00000</X>
       <Y>448.00000</Y>
       <LENGTH>1140.00000</LENGTH>
       <WIDTH>117.05872</WIDTH>
       <LW>1</LW>
       <OPTYPE>1</OPTYPE>
       <ID>&quot;13&quot;</ID>
       <SEQ>1</SEQ>
       <OPSIDE>2</OPSIDE>
       <TOOL>&quot;SAW&quot;</TOOL>
       <Z2>3.00000</Z2>
       <THICK>20.00000</THICK>
       <MACHPARAM></MACHPARAM>
       <OPDIM>1</OPDIM>
      </Draw>
      <Draw>
       <FUNCTNAME>LINE</FUNCTNAME>
       <SIDE>0</SIDE>
       <X>1160.00000</X>
       <Y>430.94128</Y>
       <LENGTH>1160.00000</LENGTH>
       <WIDTH>137.05872</WIDTH>
       <LW>1</LW>
       <OPTYPE>1</OPTYPE>
       <ID>&quot;14&quot;</ID>
       <SEQ>1</SEQ>
       <OPSIDE>2</OPSIDE>
       <TOOL>&quot;SAW&quot;</TOOL>
       <Z2>3.00000</Z2>
       <THICK>20.00000</THICK>
       <MACHPARAM></MACHPARAM>
       <OPDIM>1</OPDIM>
      </Draw>
      <Draw>
       <FUNCTNAME>LINE</FUNCTNAME>
       <SIDE>0</SIDE>
       <X>60.00000</X>
       <Y>448.00000</Y>
       <LENGTH>60.00000</LENGTH>
       <WIDTH>117.05872</WIDTH>
       <LW>1</LW>
       <OPTYPE>1</OPTYPE>
       <ID>&quot;15&quot;</ID>
       <SEQ>1</SEQ>
       <OPSIDE>2</OPSIDE>
       <TOOL>&quot;SAW&quot;</TOOL>
       <Z2>3.00000</Z2>
       <THICK>20.00000</THICK>
       <MACHPARAM></MACHPARAM>
       <OPDIM>1</OPDIM>
      </Draw>
      <Draw>
       <FUNCTNAME>LINE</FUNCTNAME>
       <SIDE>2</SIDE>
       <X>59.94987</X>
       <Y>5.00000</Y>
       <LENGTH>90.05013</LENGTH>
       <WIDTH>5.00000</WIDTH>
       <LW>1</LW>
       <OPTYPE>1</OPTYPE>
       <ID>&quot;16&quot;</ID>
       <SEQ>1</SEQ>
       <OPSIDE>2</OPSIDE>
       <TOOL>&quot;SAW&quot;</TOOL>
       <Z2>1.00000</Z2>
       <THICK>3.00000</THICK>
       <MACHPARAM></MACHPARAM>
       <OPDIM>1</OPDIM>
      </Draw>
      <Draw>
       <FUNCTNAME>LINE</FUNCTNAME>
       <SIDE>4</SIDE>
       <X>530.05013</X>
       <Y>5.00000</Y>
       <LENGTH>479.94987</LENGTH>
       <WIDTH>5.00000</WIDTH>
       <LW>1</LW>
       <OPTYPE>1</OPTYPE>
       <ID>&quot;17&quot;</ID>
       <SEQ>1</SEQ>
       <OPSIDE>2</OPSIDE>
       <TOOL>&quot;SAW&quot;</TOOL>
       <Z2>1.00000</Z2>
       <THICK>3.00000</THICK>
       <MACHPARAM></MACHPARAM>
       <OPDIM>1</OPDIM>
      </Draw>
      <Draw>
       <FUNCTNAME>LINE</FUNCTNAME>
       <SIDE>3</SIDE>
       <X>696.50000</X>
       <Y>5.00000</Y>
       <LENGTH>763.50000</LENGTH>
       <WIDTH>5.00000</WIDTH>
       <LW>1</LW>
       <OPTYPE>1</OPTYPE>
       <ID>&quot;18&quot;</ID>
       <SEQ>1</SEQ>
       <OPSIDE>2</OPSIDE>
       <TOOL>&quot;MILL&quot;</TOOL>
       <Z2>1.00000</Z2>
       <THICK>3.00000</THICK>
       <MACHPARAM></MACHPARAM>
       <OPDIM>1</OPDIM>
      </Draw>
      <Draw>
       <FUNCTNAME>LINE</FUNCTNAME>
       <SIDE>3</SIDE>
       <X>884.94987</X>
       <Y>5.00000</Y>
       <LENGTH>895.90799</LENGTH>
       <WIDTH>5.00000</WIDTH>
       <LW>1</LW>
       <OPTYPE>1</OPTYPE>
       <ID>&quot;19&quot;</ID>
       <SEQ>1</SEQ>
       <OPSIDE>2</OPSIDE>
       <TOOL>&quot;SAW&quot;</TOOL>
       <Z2>1.00000</Z2>
       <THICK>3.00000</THICK>
       <MACHPARAM></MACHPARAM>
       <OPDIM>1</OPDIM>
      </Draw>
      <Draw>
       <FUNCTNAME>LINE</FUNCTNAME>
       <SIDE>1</SIDE>
       <X>807.66342</X>
       <Y>5.00000</Y>
       <LENGTH>898.50000</LENGTH>
       <WIDTH>5.00000</WIDTH>
       <LW>1</LW>
       <OPTYPE>1</OPTYPE>
       <ID>&quot;20&quot;</ID>
       <SEQ>1</SEQ>
       <OPSIDE>2</OPSIDE>
       <TOOL>&quot;MILL&quot;</TOOL>
       <Z2>1.00000</Z2>
       <THICK>3.00000</THICK>
       <MACHPARAM></MACHPARAM>
       <OPDIM>1</OPDIM>
      </Draw>
      <Draw>
       <FUNCTNAME>LINE</FUNCTNAME>
       <SIDE>1</SIDE>
       <X>377.33658</X>
       <Y>5.00000</Y>
       <LENGTH>301.50000</LENGTH>
       <WIDTH>5.00000</WIDTH>
       <LW>1</LW>
       <OPTYPE>1</OPTYPE>
       <ID>&quot;21&quot;</ID>
       <SEQ>1</SEQ>
       <OPSIDE>2</OPSIDE>
       <TOOL>&quot;MILL&quot;</TOOL>
       <Z2>1.00000</Z2>
       <THICK>3.00000</THICK>
       <MACHPARAM></MACHPARAM>
       <OPDIM>1</OPDIM>
      </Draw>
      <Draw>
       <FUNCTNAME>LINE</FUNCTNAME>
       <SIDE>1</SIDE>
       <X>59.94987</X>
       <Y>5.00000</Y>
       <LENGTH>268.88671</LENGTH>
       <WIDTH>5.00000</WIDTH>
       <LW>1</LW>
       <OPTYPE>1</OPTYPE>
       <ID>&quot;22&quot;</ID>
       <SEQ>1</SEQ>
       <OPSIDE>2</OPSIDE>
       <TOOL>&quot;SAW&quot;</TOOL>
       <Z2>1.00000</Z2>
       <THICK>3.00000</THICK>
       <MACHPARAM></MACHPARAM>
       <OPDIM>1</OPDIM>
      </Draw>
      <Draw>
       <FUNCTNAME>LINE</FUNCTNAME>
       <SIDE>1</SIDE>
       <X>1140.05013</X>
       <Y>5.00000</Y>
       <LENGTH>916.11329</LENGTH>
       <WIDTH>5.00000</WIDTH>
       <LW>1</LW>
       <OPTYPE>1</OPTYPE>
       <ID>&quot;23&quot;</ID>
       <SEQ>1</SEQ>
       <OPSIDE>2</OPSIDE>
       <TOOL>&quot;SAW&quot;</TOOL>
       <Z2>1.00000</Z2>
       <THICK>3.00000</THICK>
       <MACHPARAM></MACHPARAM>
       <OPDIM>1</OPDIM>
      </Draw>
      <Draw>
       <FUNCTNAME>LINE</FUNCTNAME>
       <SIDE>2</SIDE>
       <X>518.50000</X>
       <Y>5.00000</Y>
       <LENGTH>271.50000</LENGTH>
       <WIDTH>5.00000</WIDTH>
       <LW>1</LW>
       <OPTYPE>1</OPTYPE>
       <ID>&quot;24&quot;</ID>
       <SEQ>1</SEQ>
       <OPSIDE>2</OPSIDE>
       <TOOL>&quot;MILL&quot;</TOOL>
       <Z2>1.00000</Z2>
       <THICK>3.00000</THICK>
       <MACHPARAM></MACHPARAM>
       <OPDIM>1</OPDIM>
      </Draw>
      <Draw>
       <FUNCTNAME>LINE</FUNCTNAME>
       <SIDE>4</SIDE>
       <X>51.50000</X>
       <Y>5.00000</Y>
       <LENGTH>318.50000</LENGTH>
       <WIDTH>5.00000</WIDTH>
       <LW>1</LW>
       <OPTYPE>1</OPTYPE>
       <ID>&quot;25&quot;</ID>
       <SEQ>1</SEQ>
       <OPSIDE>2</OPSIDE>
       <TOOL>&quot;MILL&quot;</TOOL>
       <Z2>1.00000</Z2>
       <THICK>3.00000</THICK>
       <MACHPARAM></MACHPARAM>
       <OPDIM>1</OPDIM>
      </Draw>
      <Draw>
       <FUNCTNAME>LINE</FUNCTNAME>
       <SIDE>0</SIDE>
       <X>0.00000</X>
       <Y>551.50000</Y>
       <LENGTH>1200.00000</LENGTH>
       <WIDTH>551.50000</WIDTH>
       <LW>1</LW>
       <OPTYPE>1</OPTYPE>
       <ID>&quot;26&quot;</ID>
       <SEQ>1</SEQ>
       <OPSIDE>2</OPSIDE>
       <TOOL>&quot;SAW&quot;</TOOL>
       <Z2>5.00000</Z2>
       <THICK>7.00000</THICK>
       <MACHPARAM></MACHPARAM>
       <OPDIM>1</OPDIM>
      </Draw>
      <Draw>
       <FUNCTNAME>LINE</FUNCTNAME>
       <SIDE>5</SIDE>
       <X>912.03994</X>
       <Y>238.67463</Y>
       <LENGTH>882.84226</LENGTH>
       <WIDTH>277.16247</WIDTH>
       <LW>1</LW>
       <ID>&quot;27&quot;</ID>
       <SEQ>1</SEQ>
       <OPTYPE>1</OPTYPE>
       <OPSIDE>2</OPSIDE>
       <TOOL>&quot;MILL&quot;</TOOL>
       <Z2>3.00000</Z2>
       <THICK>12.00000</THICK>
       <MACHPARAM></MACHPARAM>
       <OPDIM>1</OPDIM>
      </Draw>
      <Draw>
       <FUNCTNAME>ARC</FUNCTNAME>
       <SIDE>5</SIDE>
       <X>882.84226</X>
       <Y>277.16247</Y>
       <LENGTH>862.36385</LENGTH>
       <WIDTH>284.55156</WIDTH>
       <PartDrawXStart>866.90844</PartDrawXStart>
       <PartDrawYStart>265.07474</PartDrawYStart>
       <RADIUS>20.00000</RADIUS>
       <PartDrawDir>1</PartDrawDir>
       <LW>1</LW>
       <ID>&quot;27&quot;</ID>
       <SEQ>2</SEQ>
       <OPTYPE>1</OPTYPE>
       <OPSIDE>2</OPSIDE>
       <TOOL>&quot;MILL&quot;</TOOL>
       <Z2>3.00000</Z2>
       <THICK>12.00000</THICK>
       <MACHPARAM></MACHPARAM>
       <OPDIM>1</OPDIM>
      </Draw>
      <Draw>
       <FUNCTNAME>LINE</FUNCTNAME>
       <SIDE>5</SIDE>
       <X>862.36385</X>
       <Y>284.55156</Y>
       <LENGTH>815.45541</LENGTH>
       <WIDTH>273.60626</WIDTH>
       <LW>1</LW>
       <ID>&quot;27&quot;</ID>
       <SEQ>3</SEQ>
       <OPTYPE>1</OPTYPE>
       <OPSIDE>2</OPSIDE>
       <TOOL>&quot;MILL&quot;</TOOL>
       <Z2>3.00000</Z2>
       <THICK>12.00000</THICK>
       <MACHPARAM></MACHPARAM>
       <OPDIM>1</OPDIM>
      </Draw>
      <Draw>
       <FUNCTNAME>ARC</FUNCTNAME>
       <SIDE>5</SIDE>
       <X>815.45541</X>
       <Y>273.60626</Y>
       <LENGTH>800.00000</LENGTH>
       <WIDTH>254.12944</WIDTH>
       <PartDrawXStart>820.00000</PartDrawXStart>
       <PartDrawYStart>254.12944</PartDrawYStart>
       <RADIUS>20.00000</RADIUS>
       <PartDrawDir>1</PartDrawDir>
       <LW>1</LW>
       <ID>&quot;27&quot;</ID>
       <SEQ>4</SEQ>
       <OPTYPE>1</OPTYPE>
       <OPSIDE>2</OPSIDE>
       <TOOL>&quot;MILL&quot;</TOOL>
       <Z2>3.00000</Z2>
       <THICK>12.00000</THICK>
       <MACHPARAM></MACHPARAM>
       <OPDIM>1</OPDIM>
      </Draw>
      <Draw>
       <FUNCTNAME>LINE</FUNCTNAME>
       <SIDE>5</SIDE>
       <X>800.00000</X>
       <Y>254.12944</Y>
       <LENGTH>800.00000</LENGTH>
       <WIDTH>206.09679</WIDTH>
       <LW>1</LW>
       <ID>&quot;27&quot;</ID>
       <SEQ>5</SEQ>
       <OPTYPE>1</OPTYPE>
       <OPSIDE>2</OPSIDE>
       <TOOL>&quot;MILL&quot;</TOOL>
       <Z2>3.00000</Z2>
       <THICK>12.00000</THICK>
       <MACHPARAM></MACHPARAM>
       <OPDIM>1</OPDIM>
      </Draw>
      <Draw>
       <FUNCTNAME>ARC</FUNCTNAME>
       <SIDE>5</SIDE>
       <X>800.00000</X>
       <Y>206.09679</Y>
       <LENGTH>825.19947</LENGTH>
       <WIDTH>186.78447</WIDTH>
       <PartDrawXStart>820.00000</PartDrawXStart>
       <PartDrawYStart>206.09679</PartDrawYStart>
       <RADIUS>20.00000</RADIUS>
       <PartDrawDir>1</PartDrawDir>
       <LW>1</LW>
       <ID>&quot;27&quot;</ID>
       <SEQ>6</SEQ>
       <OPTYPE>1</OPTYPE>
       <OPSIDE>2</OPSIDE>
       <TOOL>&quot;MILL&quot;</TOOL>
       <Z2>3.00000</Z2>
       <THICK>12.00000</THICK>
       <MACHPARAM></MACHPARAM>
       <OPDIM>1</OPDIM>
      </Draw>
      <Draw>
       <FUNCTNAME>LINE</FUNCTNAME>
       <SIDE>5</SIDE>
       <X>825.19947</X>
       <Y>186.78447</Y>
       <LENGTH>901.30558</LENGTH>
       <WIDTH>207.27458</WIDTH>
       <LW>1</LW>
       <ID>&quot;27&quot;</ID>
       <SEQ>7</SEQ>
       <OPTYPE>1</OPTYPE>
       <OPSIDE>2</OPSIDE>
       <TOOL>&quot;MILL&quot;</TOOL>
       <Z2>3.00000</Z2>
       <THICK>12.00000</THICK>
       <MACHPARAM></MACHPARAM>
       <OPDIM>1</OPDIM>
      </Draw>
      <Draw>
       <FUNCTNAME>ARC</FUNCTNAME>
       <SIDE>5</SIDE>
       <X>901.30558</X>
       <Y>207.27458</Y>
       <LENGTH>912.03994</LENGTH>
       <WIDTH>238.67463</WIDTH>
       <PartDrawXStart>896.10611</PartDrawXStart>
       <PartDrawYStart>226.58690</PartDrawYStart>
       <RADIUS>20.00000</RADIUS>
       <PartDrawDir>1</PartDrawDir>
       <LW>1</LW>
       <ID>&quot;27&quot;</ID>
       <SEQ>8</SEQ>
       <OPTYPE>1</OPTYPE>
       <OPSIDE>2</OPSIDE>
       <TOOL>&quot;MILL&quot;</TOOL>
       <Z2>3.00000</Z2>
       <THICK>12.00000</THICK>
       <MACHPARAM></MACHPARAM>
       <OPDIM>1</OPDIM>
      </Draw>
      <Draw>
       <FUNCTNAME>LINE</FUNCTNAME>
       <SIDE>0</SIDE>
       <X>287.96006</X>
       <Y>238.67463</Y>
       <LENGTH>317.15774</LENGTH>
       <WIDTH>277.16247</WIDTH>
       <LW>1</LW>
       <ID>&quot;28&quot;</ID>
       <SEQ>1</SEQ>
       <OPTYPE>1</OPTYPE>
       <OPSIDE>2</OPSIDE>
       <TOOL>&quot;MILL&quot;</TOOL>
       <Z2>3.00000</Z2>
       <THICK>12.00000</THICK>
       <MACHPARAM></MACHPARAM>
       <OPDIM>1</OPDIM>
      </Draw>
      <Draw>
       <FUNCTNAME>ARC</FUNCTNAME>
       <SIDE>0</SIDE>
       <X>317.15774</X>
       <Y>277.16247</Y>
       <LENGTH>337.63615</LENGTH>
       <WIDTH>284.55156</WIDTH>
       <PartDrawXStart>333.09156</PartDrawXStart>
       <PartDrawYStart>265.07474</PartDrawYStart>
       <RADIUS>-20.00000</RADIUS>
       <PartDrawDir>2</PartDrawDir>
       <LW>1</LW>
       <ID>&quot;28&quot;</ID>
       <SEQ>2</SEQ>
       <OPTYPE>1</OPTYPE>
       <OPSIDE>2</OPSIDE>
       <TOOL>&quot;MILL&quot;</TOOL>
       <Z2>3.00000</Z2>
       <THICK>12.00000</THICK>
       <MACHPARAM></MACHPARAM>
       <OPDIM>1</OPDIM>
      </Draw>
      <Draw>
       <FUNCTNAME>LINE</FUNCTNAME>
       <SIDE>0</SIDE>
       <X>337.63615</X>
       <Y>284.55156</Y>
       <LENGTH>384.54459</LENGTH>
       <WIDTH>273.60626</WIDTH>
       <LW>1</LW>
       <ID>&quot;28&quot;</ID>
       <SEQ>3</SEQ>
       <OPTYPE>1</OPTYPE>
       <OPSIDE>2</OPSIDE>
       <TOOL>&quot;MILL&quot;</TOOL>
       <Z2>3.00000</Z2>
       <THICK>12.00000</THICK>
       <MACHPARAM></MACHPARAM>
       <OPDIM>1</OPDIM>
      </Draw>
      <Draw>
       <FUNCTNAME>ARC</FUNCTNAME>
       <SIDE>0</SIDE>
       <X>384.54459</X>
       <Y>273.60626</Y>
       <LENGTH>400.00000</LENGTH>
       <WIDTH>254.12944</WIDTH>
       <PartDrawXStart>380.00000</PartDrawXStart>
       <PartDrawYStart>254.12944</PartDrawYStart>
       <RADIUS>-20.00000</RADIUS>
       <PartDrawDir>2</PartDrawDir>
       <LW>1</LW>
       <ID>&quot;28&quot;</ID>
       <SEQ>4</SEQ>
       <OPTYPE>1</OPTYPE>
       <OPSIDE>2</OPSIDE>
       <TOOL>&quot;MILL&quot;</TOOL>
       <Z2>3.00000</Z2>
       <THICK>12.00000</THICK>
       <MACHPARAM></MACHPARAM>
       <OPDIM>1</OPDIM>
      </Draw>
      <Draw>
       <FUNCTNAME>LINE</FUNCTNAME>
       <SIDE>0</SIDE>
       <X>400.00000</X>
       <Y>254.12944</Y>
       <LENGTH>400.00000</LENGTH>
       <WIDTH>206.09679</WIDTH>
       <LW>1</LW>
       <ID>&quot;28&quot;</ID>
       <SEQ>5</SEQ>
       <OPTYPE>1</OPTYPE>
       <OPSIDE>2</OPSIDE>
       <TOOL>&quot;MILL&quot;</TOOL>
       <Z2>3.00000</Z2>
       <THICK>12.00000</THICK>
       <MACHPARAM></MACHPARAM>
       <OPDIM>1</OPDIM>
      </Draw>
      <Draw>
       <FUNCTNAME>ARC</FUNCTNAME>
       <SIDE>0</SIDE>
       <X>400.00000</X>
       <Y>206.09679</Y>
       <LENGTH>374.80053</LENGTH>
       <WIDTH>186.78447</WIDTH>
       <PartDrawXStart>380.00000</PartDrawXStart>
       <PartDrawYStart>206.09679</PartDrawYStart>
       <RADIUS>-20.00000</RADIUS>
       <PartDrawDir>2</PartDrawDir>
       <LW>1</LW>
       <ID>&quot;28&quot;</ID>
       <SEQ>6</SEQ>
       <OPTYPE>1</OPTYPE>
       <OPSIDE>2</OPSIDE>
       <TOOL>&quot;MILL&quot;</TOOL>
       <Z2>3.00000</Z2>
       <THICK>12.00000</THICK>
       <MACHPARAM></MACHPARAM>
       <OPDIM>1</OPDIM>
      </Draw>
      <Draw>
       <FUNCTNAME>LINE</FUNCTNAME>
       <SIDE>0</SIDE>
       <X>374.80053</X>
       <Y>186.78447</Y>
       <LENGTH>298.69442</LENGTH>
       <WIDTH>207.27458</WIDTH>
       <LW>1</LW>
       <ID>&quot;28&quot;</ID>
       <SEQ>7</SEQ>
       <OPTYPE>1</OPTYPE>
       <OPSIDE>2</OPSIDE>
       <TOOL>&quot;MILL&quot;</TOOL>
       <Z2>3.00000</Z2>
       <THICK>12.00000</THICK>
       <MACHPARAM></MACHPARAM>
       <OPDIM>1</OPDIM>
      </Draw>
      <Draw>
       <FUNCTNAME>ARC</FUNCTNAME>
       <SIDE>0</SIDE>
       <X>298.69442</X>
       <Y>207.27458</Y>
       <LENGTH>287.96006</LENGTH>
       <WIDTH>238.67463</WIDTH>
       <PartDrawXStart>303.89389</PartDrawXStart>
       <PartDrawYStart>226.58690</PartDrawYStart>
       <RADIUS>-20.00000</RADIUS>
       <PartDrawDir>2</PartDrawDir>
       <LW>1</LW>
       <ID>&quot;28&quot;</ID>
       <SEQ>8</SEQ>
       <OPTYPE>1</OPTYPE>
       <OPSIDE>2</OPSIDE>
       <TOOL>&quot;MILL&quot;</TOOL>
       <Z2>3.00000</Z2>
       <THICK>12.00000</THICK>
       <MACHPARAM></MACHPARAM>
       <OPDIM>1</OPDIM>
      </Draw>
      <Draw>
       <FUNCTNAME>LINE</FUNCTNAME>
       <SIDE>5</SIDE>
       <X>747.50000</X>
       <Y>267.50000</Y>
       <LENGTH>716.06716</LENGTH>
       <WIDTH>286.00439</WIDTH>
       <LW>1</LW>
       <ID>&quot;29&quot;</ID>
       <SEQ>1</SEQ>
       <OPTYPE>1</OPTYPE>
       <OPSIDE>2</OPSIDE>
       <TOOL>&quot;MILL&quot;</TOOL>
       <Z2>3.00000</Z2>
       <THICK>20.00000</THICK>
       <MACHPARAM></MACHPARAM>
       <OPDIM>1</OPDIM>
      </Draw>
      <Draw>
       <FUNCTNAME>LINE</FUNCTNAME>
       <SIDE>5</SIDE>
       <X>716.06716</X>
       <Y>286.00439</Y>
       <LENGTH>700.68657</LENGTH>
       <WIDTH>293.45868</WIDTH>
       <LW>1</LW>
       <ID>&quot;29&quot;</ID>
       <SEQ>2</SEQ>
       <OPTYPE>1</OPTYPE>
       <OPSIDE>2</OPSIDE>
       <TOOL>&quot;MILL&quot;</TOOL>
       <Z2>3.00000</Z2>
       <THICK>20.00000</THICK>
       <MACHPARAM></MACHPARAM>
       <OPDIM>1</OPDIM>
      </Draw>
      <Draw>
       <FUNCTNAME>LINE</FUNCTNAME>
       <SIDE>5</SIDE>
       <X>700.68657</X>
       <Y>293.45868</Y>
       <LENGTH>685.70895</LENGTH>
       <WIDTH>298.75549</WIDTH>
       <LW>1</LW>
       <ID>&quot;29&quot;</ID>
       <SEQ>3</SEQ>
       <OPTYPE>1</OPTYPE>
       <OPSIDE>2</OPSIDE>
       <TOOL>&quot;MILL&quot;</TOOL>
       <Z2>3.00000</Z2>
       <THICK>20.00000</THICK>
       <MACHPARAM></MACHPARAM>
       <OPDIM>1</OPDIM>
      </Draw>
      <Draw>
       <FUNCTNAME>ARC</FUNCTNAME>
       <SIDE>5</SIDE>
       <X>685.70895</X>
       <Y>298.75549</Y>
       <LENGTH>634.39062</LENGTH>
       <WIDTH>287.95731</WIDTH>
       <PartDrawXStart>669.38212</PartDrawXStart>
       <PartDrawYStart>249.00447</PartDrawYStart>
       <RADIUS>52.36152</RADIUS>
       <PartDrawDir>1</PartDrawDir>
       <LW>1</LW>
       <ID>&quot;29&quot;</ID>
       <SEQ>4</SEQ>
       <OPTYPE>1</OPTYPE>
       <OPSIDE>2</OPSIDE>
       <TOOL>&quot;MILL&quot;</TOOL>
       <Z2>3.00000</Z2>
       <THICK>20.00000</THICK>
       <MACHPARAM></MACHPARAM>
       <OPDIM>1</OPDIM>
      </Draw>
      <Draw>
       <FUNCTNAME>LINE</FUNCTNAME>
       <SIDE>5</SIDE>
       <X>634.39062</X>
       <Y>287.95731</Y>
       <LENGTH>613.02621</LENGTH>
       <WIDTH>267.02247</WIDTH>
       <LW>1</LW>
       <ID>&quot;29&quot;</ID>
       <SEQ>5</SEQ>
       <OPTYPE>1</OPTYPE>
       <OPSIDE>2</OPSIDE>
       <TOOL>&quot;MILL&quot;</TOOL>
       <Z2>3.00000</Z2>
       <THICK>20.00000</THICK>
       <MACHPARAM></MACHPARAM>
       <OPDIM>1</OPDIM>
      </Draw>
      <Draw>
       <FUNCTNAME>LINE</FUNCTNAME>
       <SIDE>5</SIDE>
       <X>613.02621</X>
       <Y>267.02247</Y>
       <LENGTH>592.50000</LENGTH>
       <WIDTH>242.50000</WIDTH>
       <LW>1</LW>
       <ID>&quot;29&quot;</ID>
       <SEQ>6</SEQ>
       <OPTYPE>1</OPTYPE>
       <OPSIDE>2</OPSIDE>
       <TOOL>&quot;MILL&quot;</TOOL>
       <Z2>3.00000</Z2>
       <THICK>20.00000</THICK>
       <MACHPARAM></MACHPARAM>
       <OPDIM>1</OPDIM>
      </Draw>
      <Draw>
       <FUNCTNAME>LINE</FUNCTNAME>
       <SIDE>5</SIDE>
       <X>592.50000</X>
       <Y>242.50000</Y>
       <LENGTH>573.10171</LENGTH>
       <WIDTH>220.53839</WIDTH>
       <LW>1</LW>
       <ID>&quot;29&quot;</ID>
       <SEQ>7</SEQ>
       <OPTYPE>1</OPTYPE>
       <OPSIDE>2</OPSIDE>
       <TOOL>&quot;MILL&quot;</TOOL>
       <Z2>3.00000</Z2>
       <THICK>20.00000</THICK>
       <MACHPARAM></MACHPARAM>
       <OPDIM>1</OPDIM>
      </Draw>
      <Draw>
       <FUNCTNAME>LINE</FUNCTNAME>
       <SIDE>5</SIDE>
       <X>573.10171</X>
       <Y>220.53839</Y>
       <LENGTH>552.61198</LENGTH>
       <WIDTH>202.30270</WIDTH>
       <LW>1</LW>
       <ID>&quot;29&quot;</ID>
       <SEQ>8</SEQ>
       <OPTYPE>1</OPTYPE>
       <OPSIDE>2</OPSIDE>
       <TOOL>&quot;MILL&quot;</TOOL>
       <Z2>3.00000</Z2>
       <THICK>20.00000</THICK>
       <MACHPARAM></MACHPARAM>
       <OPDIM>1</OPDIM>
      </Draw>
      <Draw>
       <FUNCTNAME>ARC</FUNCTNAME>
       <SIDE>5</SIDE>
       <X>552.61198</X>
       <Y>202.30270</Y>
       <LENGTH>495.77182</LENGTH>
       <WIDTH>185.18756</WIDTH>
       <PartDrawXStart>501.36006</PartDrawXStart>
       <PartDrawYStart>269.57069</PartDrawYStart>
       <RADIUS>-84.56797</RADIUS>
       <PartDrawDir>2</PartDrawDir>
       <LW>1</LW>
       <ID>&quot;29&quot;</ID>
       <SEQ>9</SEQ>
       <OPTYPE>1</OPTYPE>
       <OPSIDE>2</OPSIDE>
       <TOOL>&quot;MILL&quot;</TOOL>
       <Z2>3.00000</Z2>
       <THICK>20.00000</THICK>
       <MACHPARAM></MACHPARAM>
       <OPDIM>1</OPDIM>
      </Draw>
      <Draw>
       <FUNCTNAME>ARC</FUNCTNAME>
       <SIDE>5</SIDE>
       <X>495.77182</X>
       <Y>185.18756</Y>
       <LENGTH>422.50000</LENGTH>
       <WIDTH>205.00000</WIDTH>
       <PartDrawXStart>509.71338</PartDrawXStart>
       <PartDrawYStart>382.14308</PartDrawYStart>
       <RADIUS>-197.44833</RADIUS>
       <PartDrawDir>2</PartDrawDir>
       <LW>1</LW>
       <ID>&quot;29&quot;</ID>
       <SEQ>10</SEQ>
       <OPTYPE>1</OPTYPE>
       <OPSIDE>2</OPSIDE>
       <TOOL>&quot;MILL&quot;</TOOL>
       <Z2>3.00000</Z2>
       <THICK>20.00000</THICK>
       <MACHPARAM></MACHPARAM>
       <OPDIM>1</OPDIM>
      </Draw>
      <Draw>
       <FUNCTNAME>LINE</FUNCTNAME>
       <SIDE>5</SIDE>
       <X>422.50000</X>
       <Y>205.00000</Y>
       <LENGTH>398.46520</LENGTH>
       <WIDTH>216.93672</WIDTH>
       <LW>1</LW>
       <ID>&quot;29&quot;</ID>
       <SEQ>11</SEQ>
       <OPTYPE>1</OPTYPE>
       <OPSIDE>2</OPSIDE>
       <TOOL>&quot;MILL&quot;</TOOL>
       <Z2>3.00000</Z2>
       <THICK>20.00000</THICK>
       <MACHPARAM></MACHPARAM>
       <OPDIM>1</OPDIM>
      </Draw>
      <Draw>
       <FUNCTNAME>LINE</FUNCTNAME>
       <SIDE>5</SIDE>
       <X>398.46520</X>
       <Y>216.93672</Y>
       <LENGTH>375.36976</LENGTH>
       <WIDTH>227.92374</WIDTH>
       <LW>1</LW>
       <ID>&quot;29&quot;</ID>
       <SEQ>12</SEQ>
       <OPTYPE>1</OPTYPE>
       <OPSIDE>2</OPSIDE>
       <TOOL>&quot;MILL&quot;</TOOL>
       <Z2>3.00000</Z2>
       <THICK>20.00000</THICK>
       <MACHPARAM></MACHPARAM>
       <OPDIM>1</OPDIM>
      </Draw>
      <Draw>
       <FUNCTNAME>LINE</FUNCTNAME>
       <SIDE>5</SIDE>
       <X>375.36976</X>
       <Y>227.92374</Y>
       <LENGTH>352.50000</LENGTH>
       <WIDTH>235.00000</WIDTH>
       <LW>1</LW>
       <ID>&quot;29&quot;</ID>
       <SEQ>13</SEQ>
       <OPTYPE>1</OPTYPE>
       <OPSIDE>2</OPSIDE>
       <TOOL>&quot;MILL&quot;</TOOL>
       <Z2>3.00000</Z2>
       <THICK>20.00000</THICK>
       <MACHPARAM></MACHPARAM>
       <OPDIM>1</OPDIM>
      </Draw>
      <Draw>
       <FUNCTNAME>LINE</FUNCTNAME>
       <SIDE>5</SIDE>
       <X>352.50000</X>
       <Y>235.00000</Y>
       <LENGTH>331.05337</LENGTH>
       <WIDTH>236.04898</WIDTH>
       <LW>1</LW>
       <ID>&quot;29&quot;</ID>
       <SEQ>14</SEQ>
       <OPTYPE>1</OPTYPE>
       <OPSIDE>2</OPSIDE>
       <TOOL>&quot;MILL&quot;</TOOL>
       <Z2>3.00000</Z2>
       <THICK>20.00000</THICK>
       <MACHPARAM></MACHPARAM>
       <OPDIM>1</OPDIM>
      </Draw>
      <Draw>
       <FUNCTNAME>LINE</FUNCTNAME>
       <SIDE>5</SIDE>
       <X>331.05337</X>
       <Y>236.04898</Y>
       <LENGTH>309.25944</LENGTH>
       <WIDTH>232.20760</WIDTH>
       <LW>1</LW>
       <ID>&quot;29&quot;</ID>
       <SEQ>15</SEQ>
       <OPTYPE>1</OPTYPE>
       <OPSIDE>2</OPSIDE>
       <TOOL>&quot;MILL&quot;</TOOL>
       <Z2>3.00000</Z2>
       <THICK>20.00000</THICK>
       <MACHPARAM></MACHPARAM>
       <OPDIM>1</OPDIM>
      </Draw>
      <Draw>
       <FUNCTNAME>LINE</FUNCTNAME>
       <SIDE>5</SIDE>
       <X>309.25944</X>
       <Y>232.20760</Y>
       <LENGTH>287.18769</LENGTH>
       <WIDTH>224.45395</WIDTH>
       <LW>1</LW>
       <ID>&quot;29&quot;</ID>
       <SEQ>16</SEQ>
       <OPTYPE>1</OPTYPE>
       <OPSIDE>2</OPSIDE>
       <TOOL>&quot;MILL&quot;</TOOL>
       <Z2>3.00000</Z2>
       <THICK>20.00000</THICK>
       <MACHPARAM></MACHPARAM>
       <OPDIM>1</OPDIM>
      </Draw>
      <Draw>
       <FUNCTNAME>LINE</FUNCTNAME>
       <SIDE>5</SIDE>
       <X>287.18769</X>
       <Y>224.45395</Y>
       <LENGTH>264.90756</LENGTH>
       <WIDTH>213.76608</WIDTH>
       <LW>1</LW>
       <ID>&quot;29&quot;</ID>
       <SEQ>17</SEQ>
       <OPTYPE>1</OPTYPE>
       <OPSIDE>2</OPSIDE>
       <TOOL>&quot;MILL&quot;</TOOL>
       <Z2>3.00000</Z2>
       <THICK>20.00000</THICK>
       <MACHPARAM></MACHPARAM>
       <OPDIM>1</OPDIM>
      </Draw>
      <Draw>
       <FUNCTNAME>LINE</FUNCTNAME>
       <SIDE>5</SIDE>
       <X>264.90756</X>
       <Y>213.76608</Y>
       <LENGTH>220.00000</LENGTH>
       <WIDTH>187.50000</WIDTH>
       <LW>1</LW>
       <ID>&quot;29&quot;</ID>
       <SEQ>18</SEQ>
       <OPTYPE>1</OPTYPE>
       <OPSIDE>2</OPSIDE>
       <TOOL>&quot;MILL&quot;</TOOL>
       <Z2>3.00000</Z2>
       <THICK>20.00000</THICK>
       <MACHPARAM></MACHPARAM>
       <OPDIM>1</OPDIM>
      </Draw>
      <Draw>
       <FUNCTNAME>LINE</FUNCTNAME>
       <SIDE>0</SIDE>
       <X>452.50000</X>
       <Y>267.50000</Y>
       <LENGTH>483.93284</LENGTH>
       <WIDTH>286.00439</WIDTH>
       <LW>1</LW>
       <ID>&quot;30&quot;</ID>
       <SEQ>1</SEQ>
       <OPTYPE>1</OPTYPE>
       <OPSIDE>2</OPSIDE>
       <TOOL>&quot;MILL&quot;</TOOL>
       <Z2>3.00000</Z2>
       <THICK>20.00000</THICK>
       <MACHPARAM></MACHPARAM>
       <OPDIM>1</OPDIM>
      </Draw>
      <Draw>
       <FUNCTNAME>LINE</FUNCTNAME>
       <SIDE>0</SIDE>
       <X>483.93284</X>
       <Y>286.00439</Y>
       <LENGTH>499.31343</LENGTH>
       <WIDTH>293.45868</WIDTH>
       <LW>1</LW>
       <ID>&quot;30&quot;</ID>
       <SEQ>2</SEQ>
       <OPTYPE>1</OPTYPE>
       <OPSIDE>2</OPSIDE>
       <TOOL>&quot;MILL&quot;</TOOL>
       <Z2>3.00000</Z2>
       <THICK>20.00000</THICK>
       <MACHPARAM></MACHPARAM>
       <OPDIM>1</OPDIM>
      </Draw>
      <Draw>
       <FUNCTNAME>LINE</FUNCTNAME>
       <SIDE>0</SIDE>
       <X>499.31343</X>
       <Y>293.45868</Y>
       <LENGTH>514.29105</LENGTH>
       <WIDTH>298.75549</WIDTH>
       <LW>1</LW>
       <ID>&quot;30&quot;</ID>
       <SEQ>3</SEQ>
       <OPTYPE>1</OPTYPE>
       <OPSIDE>2</OPSIDE>
       <TOOL>&quot;MILL&quot;</TOOL>
       <Z2>3.00000</Z2>
       <THICK>20.00000</THICK>
       <MACHPARAM></MACHPARAM>
       <OPDIM>1</OPDIM>
      </Draw>
      <Draw>
       <FUNCTNAME>ARC</FUNCTNAME>
       <SIDE>0</SIDE>
       <X>514.29105</X>
       <Y>298.75549</Y>
       <LENGTH>565.60938</LENGTH>
       <WIDTH>287.95731</WIDTH>
       <PartDrawXStart>530.61788</PartDrawXStart>
       <PartDrawYStart>249.00447</PartDrawYStart>
       <RADIUS>-52.36152</RADIUS>
       <PartDrawDir>2</PartDrawDir>
       <LW>1</LW>
       <ID>&quot;30&quot;</ID>
       <SEQ>4</SEQ>
       <OPTYPE>1</OPTYPE>
       <OPSIDE>2</OPSIDE>
       <TOOL>&quot;MILL&quot;</TOOL>
       <Z2>3.00000</Z2>
       <THICK>20.00000</THICK>
       <MACHPARAM></MACHPARAM>
       <OPDIM>1</OPDIM>
      </Draw>
      <Draw>
       <FUNCTNAME>LINE</FUNCTNAME>
       <SIDE>0</SIDE>
       <X>565.60938</X>
       <Y>287.95731</Y>
       <LENGTH>586.97379</LENGTH>
       <WIDTH>267.02247</WIDTH>
       <LW>1</LW>
       <ID>&quot;30&quot;</ID>
       <SEQ>5</SEQ>
       <OPTYPE>1</OPTYPE>
       <OPSIDE>2</OPSIDE>
       <TOOL>&quot;MILL&quot;</TOOL>
       <Z2>3.00000</Z2>
       <THICK>20.00000</THICK>
       <MACHPARAM></MACHPARAM>
       <OPDIM>1</OPDIM>
      </Draw>
      <Draw>
       <FUNCTNAME>LINE</FUNCTNAME>
       <SIDE>0</SIDE>
       <X>586.97379</X>
       <Y>267.02247</Y>
       <LENGTH>607.50000</LENGTH>
       <WIDTH>242.50000</WIDTH>
       <LW>1</LW>
       <ID>&quot;30&quot;</ID>
       <SEQ>6</SEQ>
       <OPTYPE>1</OPTYPE>
       <OPSIDE>2</OPSIDE>
       <TOOL>&quot;MILL&quot;</TOOL>
       <Z2>3.00000</Z2>
       <THICK>20.00000</THICK>
       <MACHPARAM></MACHPARAM>
       <OPDIM>1</OPDIM>
      </Draw>
      <Draw>
       <FUNCTNAME>LINE</FUNCTNAME>
       <SIDE>0</SIDE>
       <X>607.50000</X>
       <Y>242.50000</Y>
       <LENGTH>626.89829</LENGTH>
       <WIDTH>220.53839</WIDTH>
       <LW>1</LW>
       <ID>&quot;30&quot;</ID>
       <SEQ>7</SEQ>
       <OPTYPE>1</OPTYPE>
       <OPSIDE>2</OPSIDE>
       <TOOL>&quot;MILL&quot;</TOOL>
       <Z2>3.00000</Z2>
       <THICK>20.00000</THICK>
       <MACHPARAM></MACHPARAM>
       <OPDIM>1</OPDIM>
      </Draw>
      <Draw>
       <FUNCTNAME>LINE</FUNCTNAME>
       <SIDE>0</SIDE>
       <X>626.89829</X>
       <Y>220.53839</Y>
       <LENGTH>647.38802</LENGTH>
       <WIDTH>202.30270</WIDTH>
       <LW>1</LW>
       <ID>&quot;30&quot;</ID>
       <SEQ>8</SEQ>
       <OPTYPE>1</OPTYPE>
       <OPSIDE>2</OPSIDE>
       <TOOL>&quot;MILL&quot;</TOOL>
       <Z2>3.00000</Z2>
       <THICK>20.00000</THICK>
       <MACHPARAM></MACHPARAM>
       <OPDIM>1</OPDIM>
      </Draw>
      <Draw>
       <FUNCTNAME>ARC</FUNCTNAME>
       <SIDE>0</SIDE>
       <X>647.38802</X>
       <Y>202.30270</Y>
       <LENGTH>704.22818</LENGTH>
       <WIDTH>185.18756</WIDTH>
       <PartDrawXStart>698.63994</PartDrawXStart>
       <PartDrawYStart>269.57069</PartDrawYStart>
       <RADIUS>84.56797</RADIUS>
       <PartDrawDir>1</PartDrawDir>
       <LW>1</LW>
       <ID>&quot;30&quot;</ID>
       <SEQ>9</SEQ>
       <OPTYPE>1</OPTYPE>
       <OPSIDE>2</OPSIDE>
       <TOOL>&quot;MILL&quot;</TOOL>
       <Z2>3.00000</Z2>
       <THICK>20.00000</THICK>
       <MACHPARAM></MACHPARAM>
       <OPDIM>1</OPDIM>
      </Draw>
      <Draw>
       <FUNCTNAME>ARC</FUNCTNAME>
       <SIDE>0</SIDE>
       <X>704.22818</X>
       <Y>185.18756</Y>
       <LENGTH>777.50000</LENGTH>
       <WIDTH>205.00000</WIDTH>
       <PartDrawXStart>690.28662</PartDrawXStart>
       <PartDrawYStart>382.14308</PartDrawYStart>
       <RADIUS>197.44833</RADIUS>
       <PartDrawDir>1</PartDrawDir>
       <LW>1</LW>
       <ID>&quot;30&quot;</ID>
       <SEQ>10</SEQ>
       <OPTYPE>1</OPTYPE>
       <OPSIDE>2</OPSIDE>
       <TOOL>&quot;MILL&quot;</TOOL>
       <Z2>3.00000</Z2>
       <THICK>20.00000</THICK>
       <MACHPARAM></MACHPARAM>
       <OPDIM>1</OPDIM>
      </Draw>
      <Draw>
       <FUNCTNAME>LINE</FUNCTNAME>
       <SIDE>0</SIDE>
       <X>777.50000</X>
       <Y>205.00000</Y>
       <LENGTH>801.53480</LENGTH>
       <WIDTH>216.93672</WIDTH>
       <LW>1</LW>
       <ID>&quot;30&quot;</ID>
       <SEQ>11</SEQ>
       <OPTYPE>1</OPTYPE>
       <OPSIDE>2</OPSIDE>
       <TOOL>&quot;MILL&quot;</TOOL>
       <Z2>3.00000</Z2>
       <THICK>20.00000</THICK>
       <MACHPARAM></MACHPARAM>
       <OPDIM>1</OPDIM>
      </Draw>
      <Draw>
       <FUNCTNAME>LINE</FUNCTNAME>
       <SIDE>0</SIDE>
       <X>801.53480</X>
       <Y>216.93672</Y>
       <LENGTH>824.63024</LENGTH>
       <WIDTH>227.92374</WIDTH>
       <LW>1</LW>
       <ID>&quot;30&quot;</ID>
       <SEQ>12</SEQ>
       <OPTYPE>1</OPTYPE>
       <OPSIDE>2</OPSIDE>
       <TOOL>&quot;MILL&quot;</TOOL>
       <Z2>3.00000</Z2>
       <THICK>20.00000</THICK>
       <MACHPARAM></MACHPARAM>
       <OPDIM>1</OPDIM>
      </Draw>
      <Draw>
       <FUNCTNAME>LINE</FUNCTNAME>
       <SIDE>0</SIDE>
       <X>824.63024</X>
       <Y>227.92374</Y>
       <LENGTH>847.50000</LENGTH>
       <WIDTH>235.00000</WIDTH>
       <LW>1</LW>
       <ID>&quot;30&quot;</ID>
       <SEQ>13</SEQ>
       <OPTYPE>1</OPTYPE>
       <OPSIDE>2</OPSIDE>
       <TOOL>&quot;MILL&quot;</TOOL>
       <Z2>3.00000</Z2>
       <THICK>20.00000</THICK>
       <MACHPARAM></MACHPARAM>
       <OPDIM>1</OPDIM>
      </Draw>
      <Draw>
       <FUNCTNAME>LINE</FUNCTNAME>
       <SIDE>0</SIDE>
       <X>847.50000</X>
       <Y>235.00000</Y>
       <LENGTH>868.94663</LENGTH>
       <WIDTH>236.04898</WIDTH>
       <LW>1</LW>
       <ID>&quot;30&quot;</ID>
       <SEQ>14</SEQ>
       <OPTYPE>1</OPTYPE>
       <OPSIDE>2</OPSIDE>
       <TOOL>&quot;MILL&quot;</TOOL>
       <Z2>3.00000</Z2>
       <THICK>20.00000</THICK>
       <MACHPARAM></MACHPARAM>
       <OPDIM>1</OPDIM>
      </Draw>
      <Draw>
       <FUNCTNAME>LINE</FUNCTNAME>
       <SIDE>0</SIDE>
       <X>868.94663</X>
       <Y>236.04898</Y>
       <LENGTH>890.74056</LENGTH>
       <WIDTH>232.20760</WIDTH>
       <LW>1</LW>
       <ID>&quot;30&quot;</ID>
       <SEQ>15</SEQ>
       <OPTYPE>1</OPTYPE>
       <OPSIDE>2</OPSIDE>
       <TOOL>&quot;MILL&quot;</TOOL>
       <Z2>3.00000</Z2>
       <THICK>20.00000</THICK>
       <MACHPARAM></MACHPARAM>
       <OPDIM>1</OPDIM>
      </Draw>
      <Draw>
       <FUNCTNAME>LINE</FUNCTNAME>
       <SIDE>0</SIDE>
       <X>890.74056</X>
       <Y>232.20760</Y>
       <LENGTH>912.81231</LENGTH>
       <WIDTH>224.45395</WIDTH>
       <LW>1</LW>
       <ID>&quot;30&quot;</ID>
       <SEQ>16</SEQ>
       <OPTYPE>1</OPTYPE>
       <OPSIDE>2</OPSIDE>
       <TOOL>&quot;MILL&quot;</TOOL>
       <Z2>3.00000</Z2>
       <THICK>20.00000</THICK>
       <MACHPARAM></MACHPARAM>
       <OPDIM>1</OPDIM>
      </Draw>
      <Draw>
       <FUNCTNAME>LINE</FUNCTNAME>
       <SIDE>0</SIDE>
       <X>912.81231</X>
       <Y>224.45395</Y>
       <LENGTH>935.09244</LENGTH>
       <WIDTH>213.76608</WIDTH>
       <LW>1</LW>
       <ID>&quot;30&quot;</ID>
       <SEQ>17</SEQ>
       <OPTYPE>1</OPTYPE>
       <OPSIDE>2</OPSIDE>
       <TOOL>&quot;MILL&quot;</TOOL>
       <Z2>3.00000</Z2>
       <THICK>20.00000</THICK>
       <MACHPARAM></MACHPARAM>
       <OPDIM>1</OPDIM>
      </Draw>
      <Draw>
       <FUNCTNAME>LINE</FUNCTNAME>
       <SIDE>0</SIDE>
       <X>935.09244</X>
       <Y>213.76608</Y>
       <LENGTH>980.00000</LENGTH>
       <WIDTH>187.50000</WIDTH>
       <LW>1</LW>
       <ID>&quot;30&quot;</ID>
       <SEQ>18</SEQ>
       <OPTYPE>1</OPTYPE>
       <OPSIDE>2</OPSIDE>
       <TOOL>&quot;MILL&quot;</TOOL>
       <Z2>3.00000</Z2>
       <THICK>20.00000</THICK>
       <MACHPARAM></MACHPARAM>
       <OPDIM>1</OPDIM>
      </Draw>
      <Draw>
       <FUNCTNAME>ARC</FUNCTNAME>
       <SIDE>0</SIDE>
       <X>1143.68051</X>
       <Y>180.00000</Y>
       <LENGTH>1031.31949</LENGTH>
       <WIDTH>180.00000</WIDTH>
       <PartDrawXStart>1087.50000</PartDrawXStart>
       <PartDrawYStart>180.00000</PartDrawYStart>
       <RADIUS>56.18051</RADIUS>
       <PartDrawDir>1</PartDrawDir>
       <LW>1</LW>
       <ID>&quot;31&quot;</ID>
       <SEQ>1</SEQ>
       <OPTYPE>1</OPTYPE>
       <OPSIDE>0</OPSIDE>
       <TOOL>&quot;MILL&quot;</TOOL>
       <Z2>18.00000</Z2>
       <MACHPARAM></MACHPARAM>
       <OPDIM>1</OPDIM>
      </Draw>
      <Draw>
       <FUNCTNAME>ARC</FUNCTNAME>
       <SIDE>0</SIDE>
       <X>1031.31949</X>
       <Y>180.00000</Y>
       <LENGTH>1143.68051</LENGTH>
       <WIDTH>180.00000</WIDTH>
       <PartDrawXStart>1087.50000</PartDrawXStart>
       <PartDrawYStart>180.00000</PartDrawYStart>
       <RADIUS>56.18051</RADIUS>
       <PartDrawDir>1</PartDrawDir>
       <LW>1</LW>
       <ID>&quot;31&quot;</ID>
       <SEQ>2</SEQ>
       <OPTYPE>1</OPTYPE>
       <OPSIDE>0</OPSIDE>
       <TOOL>&quot;MILL&quot;</TOOL>
       <Z2>18.00000</Z2>
       <MACHPARAM></MACHPARAM>
       <OPDIM>1</OPDIM>
      </Draw>
      <Draw>
       <FUNCTNAME>LINE</FUNCTNAME>
       <SIDE>0</SIDE>
       <X>194.91271</X>
       <Y>511.39073</Y>
       <LENGTH>398.70982</LENGTH>
       <WIDTH>390.96517</WIDTH>
       <LW>1</LW>
       <ID>&quot;32&quot;</ID>
       <SEQ>1</SEQ>
       <OPTYPE>1</OPTYPE>
       <OPSIDE>2</OPSIDE>
       <TOOL>&quot;MILL&quot;</TOOL>
       <Z2>6.00000</Z2>
       <THICK>15.00000</THICK>
       <MACHPARAM></MACHPARAM>
       <OPDIM>1</OPDIM>
      </Draw>
      <Draw>
       <FUNCTNAME>LINE</FUNCTNAME>
       <SIDE>0</SIDE>
       <X>398.70982</X>
       <Y>390.96517</Y>
       <LENGTH>478.86679</LENGTH>
       <WIDTH>415.50301</WIDTH>
       <LW>1</LW>
       <ID>&quot;32&quot;</ID>
       <SEQ>2</SEQ>
       <OPTYPE>1</OPTYPE>
       <OPSIDE>2</OPSIDE>
       <TOOL>&quot;MILL&quot;</TOOL>
       <Z2>6.00000</Z2>
       <THICK>15.00000</THICK>
       <MACHPARAM></MACHPARAM>
       <OPDIM>1</OPDIM>
      </Draw>
      <Draw>
       <FUNCTNAME>LINE</FUNCTNAME>
       <SIDE>0</SIDE>
       <X>478.86679</X>
       <Y>415.50301</Y>
       <LENGTH>549.83453</LENGTH>
       <WIDTH>391.30946</WIDTH>
       <LW>1</LW>
       <ID>&quot;32&quot;</ID>
       <SEQ>3</SEQ>
       <OPTYPE>1</OPTYPE>
       <OPSIDE>2</OPSIDE>
       <TOOL>&quot;MILL&quot;</TOOL>
       <Z2>6.00000</Z2>
       <THICK>15.00000</THICK>
       <MACHPARAM></MACHPARAM>
       <OPDIM>1</OPDIM>
      </Draw>
      <Draw>
       <FUNCTNAME>LINE</FUNCTNAME>
       <SIDE>0</SIDE>
       <X>549.83453</X>
       <Y>391.30946</Y>
       <LENGTH>628.86679</LENGTH>
       <WIDTH>415.50301</WIDTH>
       <LW>1</LW>
       <ID>&quot;32&quot;</ID>
       <SEQ>4</SEQ>
       <OPTYPE>1</OPTYPE>
       <OPSIDE>2</OPSIDE>
       <TOOL>&quot;MILL&quot;</TOOL>
       <Z2>6.00000</Z2>
       <THICK>15.00000</THICK>
       <MACHPARAM></MACHPARAM>
       <OPDIM>1</OPDIM>
      </Draw>
      <Draw>
       <FUNCTNAME>LINE</FUNCTNAME>
       <SIDE>0</SIDE>
       <X>628.86679</X>
       <Y>415.50301</Y>
       <LENGTH>696.77326</LENGTH>
       <WIDTH>392.35308</WIDTH>
       <LW>1</LW>
       <ID>&quot;32&quot;</ID>
       <SEQ>5</SEQ>
       <OPTYPE>1</OPTYPE>
       <OPSIDE>2</OPSIDE>
       <TOOL>&quot;MILL&quot;</TOOL>
       <Z2>6.00000</Z2>
       <THICK>15.00000</THICK>
       <MACHPARAM></MACHPARAM>
       <OPDIM>1</OPDIM>
      </Draw>
      <Draw>
       <FUNCTNAME>LINE</FUNCTNAME>
       <SIDE>0</SIDE>
       <X>960.00000</X>
       <Y>365.00000</Y>
       <LENGTH>1010.00000</LENGTH>
       <WIDTH>365.00000</WIDTH>
       <LW>1</LW>
       <ID>&quot;33&quot;</ID>
       <SEQ>1</SEQ>
       <OPTYPE>1</OPTYPE>
       <OPSIDE>1</OPSIDE>
       <TOOL>&quot;MILL&quot;</TOOL>
       <Z2>18.00000</Z2>
       <MACHPARAM></MACHPARAM>
       <OPDIM>1</OPDIM>
      </Draw>
      <Draw>
       <FUNCTNAME>LINE</FUNCTNAME>
       <SIDE>0</SIDE>
       <X>1010.00000</X>
       <Y>365.00000</Y>
       <LENGTH>1010.00000</LENGTH>
       <WIDTH>325.00000</WIDTH>
       <LW>1</LW>
       <ID>&quot;33&quot;</ID>
       <SEQ>2</SEQ>
       <OPTYPE>1</OPTYPE>
       <OPSIDE>1</OPSIDE>
       <TOOL>&quot;MILL&quot;</TOOL>
       <Z2>18.00000</Z2>
       <MACHPARAM></MACHPARAM>
       <OPDIM>1</OPDIM>
      </Draw>
      <Draw>
       <FUNCTNAME>LINE</FUNCTNAME>
       <SIDE>0</SIDE>
       <X>1010.00000</X>
       <Y>325.00000</Y>
       <LENGTH>910.00000</LENGTH>
       <WIDTH>325.00000</WIDTH>
       <LW>1</LW>
       <ID>&quot;33&quot;</ID>
       <SEQ>3</SEQ>
       <OPTYPE>1</OPTYPE>
       <OPSIDE>1</OPSIDE>
       <TOOL>&quot;MILL&quot;</TOOL>
       <Z2>18.00000</Z2>
       <MACHPARAM></MACHPARAM>
       <OPDIM>1</OPDIM>
      </Draw>
      <Draw>
       <FUNCTNAME>LINE</FUNCTNAME>
       <SIDE>0</SIDE>
       <X>910.00000</X>
       <Y>325.00000</Y>
       <LENGTH>910.00000</LENGTH>
       <WIDTH>365.00000</WIDTH>
       <LW>1</LW>
       <ID>&quot;33&quot;</ID>
       <SEQ>4</SEQ>
       <OPTYPE>1</OPTYPE>
       <OPSIDE>1</OPSIDE>
       <TOOL>&quot;MILL&quot;</TOOL>
       <Z2>18.00000</Z2>
       <MACHPARAM></MACHPARAM>
       <OPDIM>1</OPDIM>
      </Draw>
      <Draw>
       <FUNCTNAME>LINE</FUNCTNAME>
       <SIDE>0</SIDE>
       <X>910.00000</X>
       <Y>365.00000</Y>
       <LENGTH>960.00000</LENGTH>
       <WIDTH>365.00000</WIDTH>
       <LW>1</LW>
       <ID>&quot;33&quot;</ID>
       <SEQ>5</SEQ>
       <OPTYPE>1</OPTYPE>
       <OPSIDE>1</OPSIDE>
       <TOOL>&quot;MILL&quot;</TOOL>
       <Z2>18.00000</Z2>
       <MACHPARAM></MACHPARAM>
       <OPDIM>1</OPDIM>
      </Draw>
      <Draw>
       <FUNCTNAME>LINE</FUNCTNAME>
       <SIDE>0</SIDE>
       <X>200.00000</X>
       <Y>320.00000</Y>
       <LENGTH>100.00000</LENGTH>
       <WIDTH>320.00000</WIDTH>
       <LW>1</LW>
       <ID>&quot;34&quot;</ID>
       <SEQ>1</SEQ>
       <OPTYPE>1</OPTYPE>
       <OPSIDE>1</OPSIDE>
       <TOOL>&quot;MILL&quot;</TOOL>
       <Z2>18.00000</Z2>
       <MACHPARAM></MACHPARAM>
       <OPDIM>1</OPDIM>
      </Draw>
      <Draw>
       <FUNCTNAME>LINE</FUNCTNAME>
       <SIDE>0</SIDE>
       <X>100.00000</X>
       <Y>320.00000</Y>
       <LENGTH>100.00000</LENGTH>
       <WIDTH>420.00000</WIDTH>
       <LW>1</LW>
       <ID>&quot;34&quot;</ID>
       <SEQ>2</SEQ>
       <OPTYPE>1</OPTYPE>
       <OPSIDE>1</OPSIDE>
       <TOOL>&quot;MILL&quot;</TOOL>
       <Z2>18.00000</Z2>
       <MACHPARAM></MACHPARAM>
       <OPDIM>1</OPDIM>
      </Draw>
      <Draw>
       <FUNCTNAME>LINE</FUNCTNAME>
       <SIDE>0</SIDE>
       <X>100.00000</X>
       <Y>420.00000</Y>
       <LENGTH>300.00000</LENGTH>
       <WIDTH>420.00000</WIDTH>
       <LW>1</LW>
       <ID>&quot;34&quot;</ID>
       <SEQ>3</SEQ>
       <OPTYPE>1</OPTYPE>
       <OPSIDE>1</OPSIDE>
       <TOOL>&quot;MILL&quot;</TOOL>
       <Z2>18.00000</Z2>
       <MACHPARAM></MACHPARAM>
       <OPDIM>1</OPDIM>
      </Draw>
      <Draw>
       <FUNCTNAME>LINE</FUNCTNAME>
       <SIDE>0</SIDE>
       <X>300.00000</X>
       <Y>420.00000</Y>
       <LENGTH>300.00000</LENGTH>
       <WIDTH>320.00000</WIDTH>
       <LW>1</LW>
       <ID>&quot;34&quot;</ID>
       <SEQ>4</SEQ>
       <OPTYPE>1</OPTYPE>
       <OPSIDE>1</OPSIDE>
       <TOOL>&quot;MILL&quot;</TOOL>
       <Z2>18.00000</Z2>
       <MACHPARAM></MACHPARAM>
       <OPDIM>1</OPDIM>
      </Draw>
      <Draw>
       <FUNCTNAME>LINE</FUNCTNAME>
       <SIDE>0</SIDE>
       <X>300.00000</X>
       <Y>320.00000</Y>
       <LENGTH>200.00000</LENGTH>
       <WIDTH>320.00000</WIDTH>
       <LW>1</LW>
       <ID>&quot;34&quot;</ID>
       <SEQ>5</SEQ>
       <OPTYPE>1</OPTYPE>
       <OPSIDE>1</OPSIDE>
       <TOOL>&quot;MILL&quot;</TOOL>
       <Z2>18.00000</Z2>
       <MACHPARAM></MACHPARAM>
       <OPDIM>1</OPDIM>
      </Draw>
      <Draw>
       <FUNCTNAME>RECTANGLE</FUNCTNAME>
       <SIDE>1</SIDE>
       <X>403.83658</X>
       <Y>9.00000</Y>
       <LENGTH>30.00000</LENGTH>
       <WIDTH>14.00000</WIDTH>
       <LW>2</LW>
       <OPTYPE>2</OPTYPE>
       <ID>&quot;35&quot;</ID>
       <SEQ>1</SEQ>
       <OPSIDE>0</OPSIDE>
       <Z2>5.00000</Z2>
       <RADIUS>3.00000</RADIUS>
       <TOOL>&quot;MILL&quot;</TOOL>
       <MACHPARAM></MACHPARAM>
       <OPDIM>1</OPDIM>
      </Draw>
      <Draw>
       <FUNCTNAME>CIRCLE</FUNCTNAME>
       <SIDE>0</SIDE>
       <X>185.00000</X>
       <Y>185.00000</Y>
       <RADIUS>50.00000</RADIUS>
       <LW>2</LW>
       <OPTYPE>2</OPTYPE>
       <ID>&quot;36&quot;</ID>
       <SEQ>1</SEQ>
       <OPSIDE>0</OPSIDE>
       <Z2>15.00000</Z2>
       <TOOL>&quot;MILL&quot;</TOOL>
       <MACHPARAM></MACHPARAM>
       <OPDIM>1</OPDIM>
      </Draw>
      <Draw>
       <FUNCTNAME>RECTANGLE</FUNCTNAME>
       <SIDE>4</SIDE>
       <X>400.00000</X>
       <Y>9.00000</Y>
       <LENGTH>100.00000</LENGTH>
       <WIDTH>14.00000</WIDTH>
       <LW>2</LW>
       <OPTYPE>2</OPTYPE>
       <ID>&quot;37&quot;</ID>
       <SEQ>1</SEQ>
       <OPSIDE>0</OPSIDE>
       <Z2>5.00000</Z2>
       <RADIUS>5.00000</RADIUS>
       <TOOL>&quot;MILL&quot;</TOOL>
       <MACHPARAM></MACHPARAM>
       <OPDIM>1</OPDIM>
      </Draw>
      <Draw>
       <FUNCTNAME>RECTANGLE</FUNCTNAME>
       <SIDE>2</SIDE>
       <X>170.00000</X>
       <Y>9.00000</Y>
       <LENGTH>100.00000</LENGTH>
       <WIDTH>14.00000</WIDTH>
       <LW>2</LW>
       <OPTYPE>2</OPTYPE>
       <ID>&quot;38&quot;</ID>
       <SEQ>1</SEQ>
       <OPSIDE>0</OPSIDE>
       <Z2>5.00000</Z2>
       <RADIUS>5.00000</RADIUS>
       <TOOL>&quot;MILL&quot;</TOOL>
       <MACHPARAM></MACHPARAM>
       <OPDIM>1</OPDIM>
      </Draw>
      <Draw>
       <FUNCTNAME>RECTANGLE</FUNCTNAME>
       <SIDE>3</SIDE>
       <X>200.00000</X>
       <Y>9.00000</Y>
       <LENGTH>100.00000</LENGTH>
       <WIDTH>14.00000</WIDTH>
       <LW>2</LW>
       <OPTYPE>2</OPTYPE>
       <ID>&quot;39&quot;</ID>
       <SEQ>1</SEQ>
       <OPSIDE>0</OPSIDE>
       <Z2>5.00000</Z2>
       <RADIUS>0.00000</RADIUS>
       <TOOL>&quot;MILL&quot;</TOOL>
       <MACHPARAM></MACHPARAM>
       <OPDIM>1</OPDIM>
      </Draw>
      <Draw>
       <FUNCTNAME>RECTANGLE</FUNCTNAME>
       <SIDE>3</SIDE>
       <X>50.00000</X>
       <Y>9.00000</Y>
       <LENGTH>60.00000</LENGTH>
       <WIDTH>14.00000</WIDTH>
       <LW>2</LW>
       <OPTYPE>2</OPTYPE>
       <ID>&quot;40&quot;</ID>
       <SEQ>1</SEQ>
       <OPSIDE>0</OPSIDE>
       <Z2>5.00000</Z2>
       <RADIUS>4.00000</RADIUS>
       <TOOL>&quot;MILL&quot;</TOOL>
       <MACHPARAM></MACHPARAM>
       <OPDIM>1</OPDIM>
      </Draw>
      <Draw>
       <FUNCTNAME>RECTANGLE</FUNCTNAME>
       <SIDE>5</SIDE>
       <X>240.00000</X>
       <Y>20.00000</Y>
       <LENGTH>100.00000</LENGTH>
       <WIDTH>60.00000</WIDTH>
       <LW>2</LW>
       <OPTYPE>2</OPTYPE>
       <ID>&quot;41&quot;</ID>
       <SEQ>1</SEQ>
       <OPSIDE>0</OPSIDE>
       <Z2>5.00000</Z2>
       <RADIUS>15.00000</RADIUS>
       <TOOL>&quot;MILL&quot;</TOOL>
       <MACHPARAM></MACHPARAM>
       <OPDIM>1</OPDIM>
      </Draw>
      <Draw>
       <FUNCTNAME>RECTANGLE</FUNCTNAME>
       <SIDE>5</SIDE>
       <X>150.00000</X>
       <Y>345.00000</Y>
       <LENGTH>100.00000</LENGTH>
       <WIDTH>50.00000</WIDTH>
       <LW>2</LW>
       <OPTYPE>2</OPTYPE>
       <ID>&quot;42&quot;</ID>
       <SEQ>1</SEQ>
       <OPSIDE>0</OPSIDE>
       <Z2>5.00000</Z2>
       <RADIUS>0.00000</RADIUS>
       <TOOL>&quot;MILL&quot;</TOOL>
       <MACHPARAM></MACHPARAM>
       <OPDIM>1</OPDIM>
      </Draw>
      <Draw>
       <FUNCTNAME>RECTANGLE</FUNCTNAME>
       <SIDE>0</SIDE>
       <X>1050.00000</X>
       <Y>345.00000</Y>
       <LENGTH>100.00000</LENGTH>
       <WIDTH>50.00000</WIDTH>
       <LW>2</LW>
       <OPTYPE>2</OPTYPE>
       <ID>&quot;43&quot;</ID>
       <SEQ>1</SEQ>
       <OPSIDE>0</OPSIDE>
       <Z2>5.00000</Z2>
       <RADIUS>0.00000</RADIUS>
       <TOOL>&quot;MILL&quot;</TOOL>
       <MACHPARAM></MACHPARAM>
       <OPDIM>1</OPDIM>
      </Draw>
      <Draw>
       <FUNCTNAME>RECTANGLE</FUNCTNAME>
       <SIDE>0</SIDE>
       <X>1050.00000</X>
       <Y>445.00000</Y>
       <LENGTH>100.00000</LENGTH>
       <WIDTH>50.00000</WIDTH>
       <LW>2</LW>
       <OPTYPE>2</OPTYPE>
       <ID>&quot;44&quot;</ID>
       <SEQ>1</SEQ>
       <OPSIDE>0</OPSIDE>
       <Z2>18.00000</Z2>
       <RADIUS>20.00000</RADIUS>
       <TOOL>&quot;MILL&quot;</TOOL>
       <MACHPARAM></MACHPARAM>
       <OPDIM>1</OPDIM>
      </Draw>
      <Draw>
       <FUNCTNAME>RECTANGLE</FUNCTNAME>
       <SIDE>0</SIDE>
       <X>820.00000</X>
       <Y>20.00000</Y>
       <LENGTH>100.00000</LENGTH>
       <WIDTH>60.00000</WIDTH>
       <LW>2</LW>
       <OPTYPE>2</OPTYPE>
       <ID>&quot;45&quot;</ID>
       <SEQ>1</SEQ>
       <OPSIDE>0</OPSIDE>
       <Z2>18.00000</Z2>
       <RADIUS>0.00000</RADIUS>
       <TOOL>&quot;MILL&quot;</TOOL>
       <MACHPARAM></MACHPARAM>
       <OPDIM>1</OPDIM>
      </Draw>
      <Draw>
       <FUNCTNAME>RECTANGLE</FUNCTNAME>
       <SIDE>0</SIDE>
       <X>960.00000</X>
       <Y>20.00000</Y>
       <LENGTH>100.00000</LENGTH>
       <WIDTH>60.00000</WIDTH>
       <LW>2</LW>
       <OPTYPE>2</OPTYPE>
       <ID>&quot;46&quot;</ID>
       <SEQ>1</SEQ>
       <OPSIDE>0</OPSIDE>
       <Z2>5.00000</Z2>
       <RADIUS>15.00000</RADIUS>
       <TOOL>&quot;MILL&quot;</TOOL>
       <MACHPARAM></MACHPARAM>
       <OPDIM>1</OPDIM>
      </Draw>
     </PartDraw>
     <PartDrawO>000</PartDrawO>
    </Part>
   </PartList>
  </PartFile>
 </PartCollection>
 <SheetCollection>
  <SheetFile>
   <SheetList/>
  </SheetFile>
 </SheetCollection>
</ArdisOptimizerProject>
